Namn,1998,1999,2000,2001,2002,2003,2004,2005,2006,2007,2008,2009,2010,2011,2012,2013,2014,2015,2016,2017,2018,2019
"Aage";.;.;.;.;.;4;.;.;.;.;.;.;.;.;.;.;.;.;.;.;.;.
"Aaron";6;5;4;6;14;14;7;14;23;27;14;23;20;18;17;19;30;37;26;33;26;27
"Aasmund";.;.;.;.;.;.;.;.;.;.;.;.;4;.;.;.;.;.;.;4;.;.
"Abbas";4;4;.;.;.;.;.;6;.;4;5;5;.;7;8;7;5;10;.;..;4;.
"Abdi";10;5;8;4;7;6;8;5;8;4;.;.;5;.;6;4;.;8;.;.;.;.
"Abdirahman";23;18;22;22;12;21;23;24;28;21;28;29;23;22;18;23;21;25;17;11;9;7
"Abdul";21;30;35;29;20;18;14;10;26;17;24;18;13;10;14;6;12;10;13;12;8;9
"Abdulkadir";6;.;4;.;.;4;.;.;..;.;.;.;.;.;.;.;.;.;.;.;.;.
"Abdullah";13;30;20;13;17;21;22;19;20;20;16;26;17;28;25;22;18;19;16;20;15;16
"Abdullahi";21;18;16;6;13;7;12;11;15;14;8;16;9;10;6;13;7;12;6;14;8;12
"Abdulrahman";5;9;.;.;5;6;8;6;8;5;10;11;8;7;7;.;5;6;5;.;4;.
"Abel";12;10;21;5;11;7;10;5;14;7;8;16;11;7;17;19;33;50;24;52;45;67
"Abraham";6;.;5;.;.;5;4;.;8;6;4;6;.;.;.;6;4;5;5;4;7;7
"Adam";23;36;44;49;63;53;54;77;98;95;95;111;120;132;133;131;146;151;149;193;189;184
"Adel";5;.;.;4;.;.;5;.;4;.;.;.;.;5;.;.;.;.;.;.;.;4
"Adem";.;.;.;.;.;.;.;5;.;4;.;6;.;4;8;..;6;7;5;8;7;6
"Adil";5;4;6;.;4;.;.;.;5;5;.;4;.;.;.;5;.;8;5;.;6;5
"Adnan";9;10;6;13;7;11;15;7;7;7;9;11;6;7;9;8;13;7;12;.;.;.
"Adrian";326;381;393;373;355;392;394;459;403;377;389;400;380;343;307;277;239;235;227;182;205;188
"Agnar";.;.;4;.;.;.;.;.;.;.;.;.;5;.;.;6;10;.;.;.;.;5
"Ahmad";35;47;43;35;36;41;36;45;41;42;42;37;24;44;39;36;26;28;33;22;17;22
"Ahmed";57;47;51;45;50;31;52;45;43;45;40;44;46;45;41;53;39;35;44;35;39;22
"Ahmet";4;.;.;5;.;4;.;4;6;4;4;.;..;7;8;..;.;.;5;.;.;4
"Aiden";.;.;.;.;.;.;5;.;4;7;6;11;11;12;14;20;11;21;20;22;15;16
"Ailo";.;.;.;.;.;.;7;.;.;11;14;15;17;37;44;46;29;31;38;33;28;35
"Aksel";57;59;74;49;62;74;111;120;129;151;145;233;258;237;221;253;298;300;314;258;267;256
"Alan";10;11;9;4;13;19;8;18;20;18;17;19;24;17;24;24;21;32;22;25;23;14
"Albert";22;21;23;28;27;41;46;31;54;51;64;58;60;84;72;71;75;96;98;98;96;116
"Alejandro";.;5;.;.;5;5;.;5;.;8;5;4;5;.;.;.;.;5;.;.;.;.
"Aleksandar";7;.;.;.;7;8;5;5;8;8;.;8;.;5;5;.;.;5;..;4;4;4
"Aleksander";214;255;211;201;191;180;162;175;204;202;154;164;150;139;136;115;106;137;103;115;99;100
"Aleksandr";.;.;.;.;.;.;4;.;.;.;.;.;..;.;.;.;5;.;4;.;.;.
"Aleksandrs";.;.;.;.;.;.;.;.;.;.;.;.;.;.;.;.;.;.;.;.;.;.
"Alex";14;20;12;13;15;15;22;23;29;30;30;42;34;36;29;23;31;35;30;20;32;26
"Alexander";271;255;273;284;255;259;290;305;317;294;272;327;255;251;266;256;190;203;212;180;176;118
"Alexandru";.;.;4;.;.;.;4;.;7;4;.;.;6;.;.;4;4;.;.;.;.;.
"Alf";21;29;17;15;13;18;13;7;8;9;9;12;10;13;11;8;16;14;14;15;16;14
"Alfred";13;16;8;17;22;27;27;32;37;43;40;50;62;77;80;106;125;151;144;147;175;157
"Ali";78;93;90;66;77;50;52;68;66;66;55;49;66;58;65;55;57;54;51;57;49;41
"Allan";4;6;.;7;.;.;.;.;5;.;11;6;7;4;.;.;4;.;5;.;.;.
"Alv";.;.;.;.;.;.;.;.;.;.;.;.;4;.;4;.;.;.;.;.;.;.
"Alvin";.;.;4;.;.;7;9;10;15;20;27;26;31;36;31;34;38;35;33;31;33;37
"Amanuel";5;6;.;4;.;5;.;.;.;.;.;.;..;.;.;.;5;.;.;6;4;.
"Amar";4;.;.;5;.;.;7;4;10;6;6;5;10;8;5;8;8;4;7;9;.;.
"Amer";.;4;4;5;.;.;5;..;.;.;.;.;.;.;.;.;.;.;.;.;4;.
"Amin";6;11;15;4;5;10;11;11;7;6;11;11;11;12;10;13;10;11;4;8;5;.
"Amir";20;26;17;17;17;20;21;16;22;21;24;33;34;34;27;29;29;30;39;47;36;30
"Ammar";8;4;6;6;7;9;4;5;6;7;6;5;4;7;5;5;5;4;9;.;.;5
"Amund";67;66;50;64;61;73;70;59;85;76;81;47;74;54;65;54;60;61;56;68;49;66
"Anas";10;9;6;7;10;12;13;13;10;18;21;22;14;18;13;21;23;19;28;20;21;11
"Anders";328;326;244;264;254;210;204;165;145;147;127;93;104;71;27;26;42;35;25;30;36;22
"Andre";140;112;112;111;100;80;80;70;58;47;45;32;40;39;19;21;21;19;16;13;9;13
"Andreas";602;631;550;552;508;511;497;444;457;378;406;368;324;302;227;221;199;173;182;167;118;99
"Andrei";7;.;.;.;5;.;.;.;5;.;.;.;4;.;.;.;.;4;.;5;.;.
"Andrej";.;.;.;.;.;.;..;.;.;.;4;7;4;.;5;5;.;4;5;.;11;6
"Andres";7;.;6;6;4;6;8;.;5;5;5;.;.;.;4;5;.;.;4;.;.;.
"Andrew";..;..;.;..;.;5;5;.;..;8;.;4;6;5;8;.;4;.;8;.;.;.
"Andris";.;.;.;.;.;.;.;.;.;.;.;.;.;.;.;.;4;.;.;.;.;.
"Andrius";.;.;.;.;.;.;.;.;.;.;.;.;.;.;.;.;.;.;.;.;.;.
"Andrzej";.;.;.;.;.;.;.;.;.;.;.;.;.;.;.;.;.;.;.;.;.;.
"Annar";.;.;.;.;.;.;.;.;.;.;.;.;.;.;.;.;.;.;.;.;.;.
"Ansgar";.;.;.;.;.;.;.;.;.;.;.;.;.;.;.;.;.;.;.;.;.;.
"Anthony";.;5;14;8;5;4;8;.;11;9;9;11;5;10;6;10;12;.;4;7;8;8
"Anton";22;32;29;23;34;30;31;38;58;68;52;78;81;74;94;109;77;88;91;92;84;91
"Antoni";.;.;.;.;.;.;4;.;6;6;9;7;8;13;16;10;14;24;25;29;27;26
"Antonio";6;5;9;22;14;5;5;10;5;12;6;7;10;9;6;5;7;7;6;5;4;7
"Anwar";.;5;.;.;.;6;4;.;.;4;.;.;.;.;.;.;.;5;.;.;..;.
"Aram";4;.;.;.;4;5;.;..;.;5;5;7;4;4;4;9;8;6;9;4;9;5
"Are";15;12;21;22;31;23;23;21;24;21;14;13;8;9;11;8;10;13;5;5;4;4
"Ari";7;.;.;.;13;7;9;4;5;.;5;5;.;5;..;7;4;.;6;5;.;5
"Arian";10;7;12;10;16;15;20;24;15;28;29;39;40;25;32;28;42;33;35;25;29;33
"Arild";17;25;17;10;5;9;11;4;9;6;.;6;7;5;4;.;8;.;4;6;4;4
"Arkadiusz";.;.;.;.;.;4;.;.;.;.;.;.;.;.;.;.;.;.;.;.;.;.
"Arman";.;7;7;11;6;9;4;6;8;11;17;16;14;14;14;14;15;15;7;15;13;13
"Armin";5;7;6;7;7;.;8;7;4;5;5;9;6;5;9;9;13;8;5;9;6;12
"Arn";.;.;.;.;4;.;.;7;10;6;18;23;20;20;11;13;19;8;14;9;9;6
"Arne";52;53;41;41;34;44;34;40;32;32;25;34;26;25;21;35;24;20;23;22;22;21
"Arnfinn";4;.;.;.;.;.;.;.;.;.;.;.;.;.;.;.;.;.;.;.;.;.
"Arnold";.;.;.;.;.;.;.;.;.;.;.;..;.;.;.;.;.;.;.;.;.;.
"Arnstein";.;4;.;4;.;.;.;.;.;.;.;..;.;.;.;.;.;.;.;.;.;.
"Arnt";12;13;10;5;7;4;5;6;7;8;9;6;5;.;4;.;.;.;4;.;.;4
"Arnulf";.;.;.;.;.;.;.;.;.;.;.;.;.;.;.;.;.;.;.;.;.;.
"Aron";38;27;40;36;48;43;64;74;91;86;120;136;143;148;135;110;115;120;122;114;116;98
"Arthur";11;11;22;12;10;15;19;14;17;21;17;20;17;21;29;26;38;29;34;54;53;51
"Artur";8;4;.;5;4;5;4;6;.;7;4;.;8;6;7;9;.;10;9;6;9;8
"Arturas";.;.;.;.;.;.;.;.;.;.;.;.;.;.;.;.;.;.;.;.;.;.
"Arunas";.;.;.;.;.;.;.;.;.;.;.;.;.;.;.;.;.;.;.;.;.;.
"Arve";7;.;5;5;.;4;.;7;5;6;..;.;4;.;4;.;.;.;.;.;4;.
"Arvid";9;10;6;9;6;8;6;6;10;6;7;8;8;7;10;7;9;8;11;11;8;14
"Aryan";4;.;.;.;4;11;11;13;6;12;16;23;18;8;14;10;14;11;19;16;8;19
"Asbj�rn";24;30;20;18;21;13;16;9;16;20;10;16;11;6;9;15;14;12;8;8;11;8
"Asgeir";5;10;15;18;9;6;6;10;.;.;6;.;.;.;.;5;.;.;.;.;.;.
"Ask";22;21;26;31;39;49;52;52;69;53;66;62;63;62;59;63;61;51;68;56;75;58
"Aslak";19;22;23;20;27;26;17;36;20;17;29;31;35;25;34;27;22;33;35;29;29;20
"Asle";5;9;8;.;9;.;4;4;.;.;.;.;.;.;.;.;.;.;.;.;.;.
"Asmund";.;.;.;.;.;.;.;.;.;.;.;.;.;.;.;.;.;.;.;.;.;.
"Atle";24;11;16;25;18;12;6;9;12;4;8;5;4;6;8;6;5;4;6;5;6;11
"Audrius";.;.;.;.;.;.;.;.;.;.;.;.;.;.;.;.;.;.;.;.;.;.
"Audun";46;33;37;31;43;27;24;20;28;27;27;29;20;27;24;24;16;24;24;24;20;22
"August";46;53;76;76;79;88;97;92;89;83;84;74;65;87;78;69;77;80;78;66;82;54
"Aurimas";.;.;.;4;.;.;.;.;.;.;.;.;.;.;.;.;.;.;.;.;.;.
"Axel";44;29;43;43;28;43;48;40;52;53;42;61;62;66;65;68;53;85;72;62;63;55
"Ayman";.;.;.;7;.;5;5;4;6;8;9;7;7;6;6;7;10;11;9;19;13;15
"Baard";.;.;.;4;.;.;.;.;.;.;.;.;.;.;.;.;.;.;.;.;.;.
"Balder";9;7;5;11;5;12;8;8;23;20;28;29;18;14;19;11;18;9;12;19;18;17
"Bartlomiej";4;4;6;4;.;.;7;.;.;.;5;.;.;.;.;4;.;.;.;.;.;.
"Bartosz";8;6;.;8;8;7;6;4;18;9;7;6;8;9;5;.;4;.;.;.;.;.
"Bastian";10;15;14;19;18;20;20;27;27;23;18;29;30;43;40;28;30;44;45;38;42;25
"Ben";5;8;7;8;10;4;8;.;6;6;..;4;8;..;4;6;9;8;8;9;6;9
"Bendik";105;97;89;80;60;48;65;50;44;54;44;30;22;32;25;27;15;19;32;42;39;22
"Bengt";.;4;.;.;.;.;.;.;.;.;.;.;.;.;.;.;.;.;.;.;.;.
"Benjamin";231;302;331;294;303;280;265;318;321;284;334;328;323;292;256;245;264;250;261;217;236;242
"Benny";.;.;.;.;.;.;.;.;.;.;.;.;.;.;.;.;.;.;.;.;.;.
"Bent";4;5;.;4;.;.;4;.;.;.;.;.;.;.;.;.;.;.;.;.;.;.
"Bernard";.;5;.;.;.;.;.;.;5;4;..;5;.;5;.;10;7;8;8;6;7;8
"Bernhard";9;9;6;11;8;7;8;5;4;11;9;9;10;10;16;8;8;10;10;6;11;9
"Bernt";11;10;.;9;4;4;5;.;.;.;.;.;.;.;4;.;.;.;.;.;.;.
"Bertil";.;.;.;.;.;.;.;.;.;.;.;.;.;.;.;.;.;.;.;.;.;.
"Bilal";25;19;19;14;10;13;10;12;10;18;17;11;13;13;11;13;7;16;12;13;11;9
"Birger";8;14;7;7;5;6;5;6;7;7;4;6;4;4;8;4;6;.;7;..;6;6
"Birk";37;40;49;55;47;76;58;56;81;73;81;84;81;85;84;72;77;77;90;103;98;68
"Bjarne";11;9;5;9;9;13;..;.;9;5;4;9;.;.;..;.;5;6;6;8;7;4
"Bjarte";8;8;6;7;8;8;.;.;.;.;.;.;7;.;.;.;.;.;.;.;.;.
"Bj�rge";.;.;.;.;.;.;.;.;.;.;.;.;.;.;.;.;.;.;.;.;.;.
"Bj�rn";122;110;102;88;80;63;80;54;58;67;62;58;69;47;54;66;56;38;61;53;60;69
"Bj�rn-Erik";7;.;.;.;.;.;.;.;.;.;.;.;.;.;.;.;.;.;.;.;.;.
"Bj�rnar";63;52;53;53;42;27;36;36;31;31;30;27;18;24;16;14;8;15;5;11;10;7
"Bo";5;9;10;5;.;13;10;18;19;22;13;20;22;17;19;18;22;23;15;26;26;27
"Bogdan";.;.;.;.;.;.;4;.;5;.;.;4;.;5;.;.;.;.;.;.;4;.
"Boguslaw";.;.;.;.;.;.;.;.;.;.;.;.;.;.;.;.;.;.;.;.;.;.
"Borgar";.;4;6;4;8;4;7;5;.;5;.;4;.;4;5;.;4;.;.;.;.;4
"Boris";4;4;.;.;4;.;.;.;4;.;4;.;.;.;.;.;.;.;.;.;.;.
"Brage";73;87;89;85;106;126;130;115;126;130;142;119;133;135;130;132;144;129;121;110;91;106
"Brede";25;25;32;24;25;32;21;27;15;22;21;18;17;23;19;13;14;9;9;17;23;12
"Brian";17;18;22;15;19;19;23;16;15;13;17;17;23;14;17;17;11;8;9;15;12;6
"Bror";12;11;12;12;10;12;13;15;15;14;14;15;15;12;7;8;6;7;8;11;5;7
"Bruno";.;.;4;.;.;.;.;4;5;7;5;.;5;.;7;8;11;9;6;6;5;7
"Brynjar";10;19;12;12;10;6;6;10;8;.;7;10;5;6;10;10;10;6;5;5;.;9
"Brynjulf";.;.;.;.;.;.;.;.;.;.;.;.;.;.;.;.;.;.;.;.;.;.
"B�rge";12;13;14;12;9;11;7;6;4;8;7;.;4;.;7;.;5;.;.;.;.;.
"B�rre";.;.;.;.;.;.;.;.;.;.;.;.;.;.;.;.;.;.;.;.;.;.
"B�rd";23;18;18;22;13;13;9;12;8;.;.;4;7;5;5;.;.;.;4;5;.;.
"Carl";49;50;56;45;38;49;44;30;47;41;32;28;44;30;36;39;35;35;34;28;21;23
"Carlos";.;7;11;.;..;6;.;10;.;10;9;8;.;.;8;4;8;4;6;5;5;.
"Carsten";4;7;.;.;.;5;.;.;7;.;5;.;.;.;10;.;.;.;4;.;.;4
"Casper";40;39;67;67;64;93;96;115;95;103;136;132;108;98;97;91;108;122;116;90;98;94
"Caspian";.;.;.;.;.;.;.;5;.;4;11;26;13;30;44;38;43;38;24;31;54;34
"Cato";16;11;9;7;8;9;5;7;4;.;7;6;4;5;4;5;.;4;.;.;.;.
"Charles";.;.;4;.;4;6;..;7;6;.;.;.;.;..;6;.;7;5;.;.;6;.
"Charlie";.;.;.;.;5;.;4;.;.;8;8;10;10;8;14;19;20;22;25;26;19;21
"Chris";35;30;31;31;26;22;18;19;19;21;23;22;18;15;14;20;20;11;14;..;11;7
"Christen";.;.;.;.;.;.;.;.;.;.;.;.;.;.;.;.;.;.;.;.;.;.
"Christer";25;33;33;27;20;28;18;19;11;19;11;11;12;6;8;4;9;7;7;.;.;.
"Christian";258;243;250;264;222;199;175;169;171;176;158;186;147;110;128;119;107;106;104;104;78;61
"Christoffer";160;164;166;143;150;99;109;88;81;87;87;83;69;66;56;41;45;37;31;21;8;12
"Christopher";56;53;66;59;46;49;59;49;60;36;53;35;20;35;25;32;31;23;16;13;13;9
"Claes";.;.;.;.;.;.;.;.;.;.;.;.;.;.;.;.;.;.;.;.;.;.
"Claus";.;.;5;.;.;.;.;.;.;.;.;.;.;.;.;.;.;.;.;.;.;.
"Colin";6;5;5;5;4;11;13;12;11;16;15;15;14;22;27;27;20;22;21;21;17;21
"Conrad";.;.;6;7;8;8;5;11;15;15;12;19;14;10;9;9;11;16;11;9;10;12
"Constantin";.;.;.;.;.;.;.;.;.;.;.;4;.;.;.;5;.;.;5;.;.;.
"Cornelius";11;13;7;10;14;9;10;10;11;20;14;24;12;22;25;27;22;22;16;22;15;15
"Cristian";.;.;.;4;.;.;.;.;.;.;5;.;.;6;.;.;.;.;.;.;.;.
"Dag";23;17;22;10;13;11;7;13;10;13;7;8;13;6;6;7;6;4;4;.;4;.
"Dagfinn";.;.;.;.;.;.;.;.;.;.;.;.;.;.;.;.;.;.;.;.;.;.
"Dainius";.;.;.;.;.;.;.;.;.;.;.;.;.;.;.;.;.;.;.;.;.;.
"Damian";13;8;7;10;8;11;5;7;10;8;.;9;12;7;9;12;10;6;15;4;7;7
"Dan";24;14;16;22;15;14;13;13;6;13;8;4;4;5;8;6;4;6;6;5;.;7
"Dani";7;5;5;4;6;8;6;4;.;12;10;8;.;6;9;8;4;5;5;6;6;5
"Daniel";557;516;479;494;471;467;456;443;402;407;417;418;377;324;303;311;252;269;207;219;186;169
"Danny";4;6;6;5;8;7;6;.;5;4;.;.;9;4;10;.;4;5;.;4;.;.
"Darius";.;.;.;.;.;.;.;.;.;.;.;4;6;.;.;.;6;.;.;8;..;.
"Dariusz";4;.;.;.;.;.;.;.;.;.;.;.;.;.;.;.;.;.;.;.;.;.
"David";111;111;120;116;120;186;177;214;186;174;160;160;139;185;172;156;160;140;128;129;128;107
"Dawid";17;14;17;22;10;13;21;13;12;9;12;8;10;8;13;5;8;8;.;8;10;11
"Dawit";8;7;.;.;.;.;.;.;.;.;4;.;.;.;.;.;.;.;.;.;.;.
"Deividas";.;6;.;.;.;.;5;7;.;.;4;.;.;.;.;.;.;.;.;.;.;.
"Dejan";.;.;.;.;.;.;.;.;.;.;.;.;.;.;.;.;.;.;.;.;.;.
"Denis";8;5;4;9;10;7;7;12;10;7;10;8;9;4;7;13;7;9;4;7;9;10
"Dennis";71;83;84;68;101;77;96;104;107;93;97;92;130;123;105;91;88;111;79;92;78;54
"Didrik";30;45;49;38;57;38;29;49;24;33;33;42;32;32;36;35;28;38;38;38;36;34
"Diego";5;.;4;5;.;.;4;4;.;5;.;.;..;.;..;.;8;7;..;.;.;4
"Dominik";14;10;6;13;10;10;18;10;11;11;9;13;10;11;12;7;5;14;11;6;16;14
"Donatas";.;.;.;.;.;.;.;.;.;.;.;.;.;.;.;.;.;.;.;.;.;.
"Dragan";.;.;.;.;.;.;.;.;.;.;.;.;.;.;.;.;.;.;.;.;.;.
"Eddie";.;.;.;.;.;.;.;.;.;.;.;.;.;.;.;.;.;.;.;.;.;.
"Edgar";.;6;5;5;4;6;.;7;7;7;7;7;4;12;10;..;10;8;19;18;10;7
"Edin";.;.;.;.;5;.;.;.;.;.;6;8;9;13;8;5;9;7;5;10;4;7
"Edmund";.;.;.;.;.;.;.;.;5;8;.;7;.;4;6;8;9;7;8;11;6;7
"Edvard";55;74;58;59;52;77;75;65;74;78;79;89;83;117;118;139;107;96;121;116;127;104
"Edvin";15;14;13;25;19;16;24;23;25;21;31;37;33;38;49;57;65;83;67;97;98;109
"Edward";7;8;18;10;12;13;16;14;14;22;19;17;29;29;37;35;34;25;32;27;21;21
"Edwin";8;7;.;5;4;4;..;7;6;12;4;13;15;12;30;21;23;23;34;23;21;32
"Egidijus";.;.;.;.;.;.;.;.;.;.;.;.;.;.;.;.;.;.;.;.;.;.
"Egil";17;19;13;12;9;.;13;5;6;8;5;6;6;6;7;9;8;9;.;7;6;7
"Eigil";.;.;.;.;.;.;.;.;.;.;.;.;.;.;.;.;.;.;.;.;.;.
"Eilert";6;4;.;4;6;5;5;6;.;.;6;.;.;.;.;5;.;5;.;5;9;4
"Eilif";6;4;.;4;.;8;4;9;10;.;5;7;6;8;9;7;8;8;13;18;10;20
"Einar";62;61;65;66;49;59;53;54;40;46;51;59;46;67;57;67;53;74;76;55;61;77
"Eirik";302;330;325;305;231;226;278;272;214;230;207;198;185;199;170;148;119;134;112;88;94;77
"Eivind";145;125;135;102;85;99;85;108;92;74;78;66;81;87;61;44;60;48;47;51;56;48
"Eldar";4;.;.;4;6;.;4;7;5;11;10;8;8;10;16;10;11;20;13;14;7;.
"Eliah";.;.;.;.;.;6;.;.;4;4;15;12;12;11;22;19;21;16;25;22;20;12
"Elias";127;173;234;271;272;332;390;398;459;427;333;345;364;341;323;315;315;338;337;358;314;270
"Elling";5;7;5;.;7;6;.;.;4;.;.;6;4;.;9;9;4;5;7;6;12;.
"Elliot";.;5;.;.;9;6;14;18;25;20;21;27;29;28;32;41;63;57;50;62;46;70
"Emanuel";6;10;6;8;8;11;17;9;9;13;13;17;15;10;14;9;15;22;18;13;14;7
"Emil";279;324;320;367;358;402;407;377;401;443;460;485;533;486;408;321;417;356;376;410;362;347
"Emilian";.;.;.;.;.;.;.;6;13;15;30;39;66;79;65;81;59;71;68;73;48;49
"Emilio";.;4;5;9;.;5;..;.;8;7;11;13;8;8;14;11;19;13;12;10;6;15
"Emir";.;7;.;.;6;8;6;6;5;5;5;11;9;18;15;14;16;11;23;18;17;14
"Emmanuel";7;.;7;6;5;10;5;.;6;7;10;7;12;8;6;10;9;7;9;.;11;6
"Emre";5;8;8;11;5;10;15;14;13;21;16;16;9;19;16;22;16;23;21;22;22;22
"Emrik";.;.;.;.;.;.;.;5;10;13;25;39;55;62;47;90;106;108;113;101;104;93
"Endre";56;57;57;70;55;56;51;49;44;40;32;41;37;37;24;47;29;29;13;16;26;16
"Eric";22;30;22;25;30;19;24;26;19;24;30;13;21;29;28;17;19;13;25;14;14;14
"Erik";273;276;264;255;225;273;223;236;212;232;207;218;216;212;198;206;177;172;188;152;185;128
"Erland";6;10;6;10;6;6;7;.;5;9;5;..;5;4;5;.;.;6;.;.;.;.
"Erlend";219;207;182;160;145;145;151;125;114;97;97;75;81;56;62;53;37;34;35;40;24;25
"Erling";53;45;48;32;37;35;28;41;36;32;31;37;27;22;32;30;36;34;28;22;29;25
"Ernst";4;.;.;.;.;.;.;.;.;..;.;.;.;.;.;.;..;.;.;.;.;.
"Esben";.;.;.;4;.;.;.;.;.;.;.;.;.;.;.;.;.;.;.;.;.;.
"Eskil";60;67;91;79;100;97;77;111;119;88;118;98;82;91;70;51;49;43;50;43;39;32
"Eskild";14;9;12;14;20;10;12;7;9;9;6;10;4;5;.;.;.;.;4;4;10;7
"Espen";185;148;129;103;122;75;86;56;63;38;34;36;18;22;13;15;17;21;15;16;13;10
"Esten";6;9;.;.;..;5;5;.;.;.;4;4;4;.;.;.;.;.;.;.;.;.
"Evald";.;.;.;.;.;.;.;.;.;.;.;.;.;4;.;.;.;.;.;4;.;.
"Evaldas";.;.;.;.;.;.;.;.;.;.;.;.;.;.;.;.;.;.;.;.;.;.
"Even";212;181;191;196;163;162;146;199;246;177;161;196;180;168;174;158;163;189;169;178;171;174
"Eystein";.;.;.;.;.;.;.;.;.;.;.;.;.;.;.;.;.;.;.;.;.;.
"Eyvind";.;..;.;.;.;.;.;.;.;.;.;.;.;.;.;5;.;.;.;.;.;.
"Fabian";50;47;44;48;41;54;54;70;54;57;25;40;31;47;44;30;33;35;39;25;19;20
"Faisal";6;5;.;4;.;.;.;.;.;.;.;.;.;.;.;.;.;.;.;.;.;.
"Falk";.;5;.;5;5;7;8;4;13;13;5;15;7;15;12;12;25;23;14;20;13;18
"Farhad";6;5;8;4;5;.;.;.;.;.;.;.;.;.;.;.;.;.;.;.;.;.
"Felix";30;51;44;45;65;79;76;99;121;114;125;126;105;111;140;150;144;189;185;180;154;167
"Ferdinand";14;14;12;17;14;16;21;31;16;18;29;26;36;30;29;24;23;34;24;21;18;24
"Fernando";.;.;.;.;.;.;4;.;.;.;.;.;.;.;.;4;.;.;.;.;.;.
"Filip";74;78;111;105;96;113;132;148;169;167;161;200;181;189;164;252;190;213;198;215;230;229
"Fillip";.;6;.;6;7;6;9;23;19;31;24;30;35;37;38;45;39;50;43;40;42;43
"Finn";8;9;21;17;17;9;10;12;22;11;24;18;18;12;23;18;27;30;30;27;39;25
"Flemming";.;.;4;.;.;.;.;.;.;.;.;.;.;.;.;.;.;.;.;.;.;.
"Florian";9;.;.;4;.;.;8;.;.;.;5;.;4;.;.;.;.;4;4;.;6;.
"Francis";.;.;.;.;5;.;.;.;.;5;.;.;..;.;.;5;4;.;6;.;.;.
"Francisco";.;..;.;.;.;.;.;.;..;.;4;.;.;5;4;.;.;.;.;.;.;.
"Frank";22;16;16;15;11;9;7;6;11;6;8;8;..;6;7;6;7;14;11;6;6;4
"Frans";.;.;5;.;.;6;5;6;4;6;8;4;8;.;.;7;.;.;5;10;8;13
"Fred";.;9;5;5;4;.;.;4;.;.;4;.;.;5;6;6;7;.;7;5;7;4
"Freddy";.;.;.;.;.;.;.;.;.;.;.;.;.;.;.;.;.;.;.;.;.;.
"Frederik";15;16;15;10;12;12;19;16;9;12;13;8;12;9;9;8;6;5;8;5;5;7
"Fredrick";15;10;11;9;7;10;7;8;.;8;8;.;.;6;4;.;.;.;.;.;.;.
"Fredrik";417;401;405;353;321;357;329;307;258;254;246;245;185;223;198;145;153;152;146;140;120;101
"Fridtjof";4;8;5;6;.;.;9;9;8;6;4;.;.;6;4;6;9;7;6;6;..;.
"Frithjof";4;.;.;.;.;.;7;.;.;.;.;.;.;.;.;.;.;.;.;.;.;.
"Frits";.;.;.;.;.;.;.;.;.;.;.;.;.;.;.;.;.;.;.;.;.;.
"Fritz";.;.;.;.;.;.;.;.;.;.;.;.;.;.;.;.;.;.;4;.;.;.
"Frode";13;11;7;11;9;4;6;6;.;5;4;.;.;.;.;.;.;.;.;.;.;.
"Gabriel";56;53;71;78;67;90;95;117;132;143;171;178;174;180;184;159;148;147;139;148;174;123
"Gard";28;60;52;47;50;39;49;22;31;27;25;25;22;22;18;23;9;15;11;17;5;11
"Gaute";40;27;31;31;34;63;29;26;20;28;28;16;20;17;29;11;21;12;12;12;12;16
"Gediminas";.;.;.;.;.;.;.;.;.;.;.;.;.;.;.;.;.;.;.;.;.;.
"Geir";21;16;18;21;10;13;7;11;.;11;6;.;.;7;5;4;6;4;.;4;.;7
"Georg";29;39;31;35;27;39;27;12;23;25;37;29;33;35;35;54;42;53;56;61;58;57
"George";..;..;6;..;.;.;6;.;6;.;..;4;.;5;.;5;.;8;4;10;7;.
"Gerhard";.;.;.;4;.;.;.;.;.;.;.;.;.;.;.;.;.;.;.;.;.;.
"Gert";.;.;.;.;.;.;.;.;.;.;.;.;.;.;.;.;.;.;.;.;.;.
"Giedrius";.;.;.;.;.;.;.;.;.;.;.;.;.;.;.;.;.;.;.;.;.;.
"Gintaras";.;.;.;.;.;.;.;.;.;.;.;.;.;.;.;.;.;.;.;.;.;.
"Gisle";4;5;.;.;.;.;.;.;4;.;.;.;..;.;.;.;.;.;.;.;.;.
"Gjermund";20;10;16;13;9;.;7;8;9;11;7;7;5;6;.;9;5;.;5;4;4;4
"Gjert";4;.;.;.;.;.;.;.;.;.;.;.;.;.;.;.;.;.;.;.;.;.
"Glen";.;.;.;.;.;.;.;.;.;.;.;.;.;.;.;.;.;.;.;.;.;.
"Glenn";27;29;18;19;16;11;14;8;6;7;6;8;.;.;4;.;.;.;.;.;.;.
"Goran";.;.;.;.;.;.;.;.;.;.;.;.;.;.;.;.;.;.;.;.;.;.
"Gorm";.;4;6;.;.;6;.;4;5;.;.;.;.;.;.;.;.;.;.;.;.;.
"Grzegorz";4;.;.;.;.;.;.;.;.;.;.;.;.;.;.;.;.;.;.;.;.;.
"Gudbrand";.;.;.;4;.;.;.;.;.;.;.;.;.;.;.;.;.;.;.;.;.;.
"Gudmund";.;4;.;.;.;.;5;.;.;.;.;.;.;.;.;.;.;.;.;.;.;.
"Gunnar";26;28;26;18;17;19;6;12;16;15;17;9;8;10;17;5;11;15;9;15;16;14
"Gunvald";.;.;.;.;.;.;.;.;.;.;.;.;.;.;.;.;.;.;.;.;.;.
"Gustav";25;40;23;27;26;41;37;51;57;66;59;72;84;68;105;101;106;118;114;124;140;135
"Guttorm";.;.;.;.;.;5;.;.;4;.;.;.;4;.;.;.;.;.;4;.;.;.
"G�ran";15;10;12;6;8;10;5;.;.;.;.;.;.;.;.;.;.;.;.;.;.;.
"Haakon";73;77;83;55;55;50;46;37;57;46;53;59;65;60;53;54;59;59;53;59;48;41
"Haavard";.;8;5;4;.;6;.;.;4;.;4;.;.;.;.;.;.;.;.;.;.;.
"Hadi";5;.;.;5;7;5;.;4;8;4;5;.;6;5;7;6;.;6;5;.;.;4
"Haldor";.;.;.;6;4;.;.;.;.;..;5;.;.;.;5;6;.;6;5;.;.;.
"Halfdan";.;5;.;4;.;.;6;.;.;.;.;.;.;.;.;.;.;.;.;.;.;.
"Hallgeir";.;.;4;4;.;.;.;.;.;.;.;.;.;.;.;.;.;.;.;.;.;.
"Hallstein";.;.;.;.;.;.;.;.;.;.;.;.;.;.;.;.;.;.;.;.;.;.
"Hallvard";29;24;24;27;29;20;29;20;17;14;15;11;9;9;8;13;11;12;9;8;8;11
"Halvard";17;13;14;25;27;19;7;13;9;13;12;15;5;11;11;13;9;12;.;8;7;5
"Halvor";35;41;47;45;34;35;49;39;39;32;41;36;28;28;21;32;28;30;35;33;24;25
"Hamid";.;8;10;4;4;.;.;.;.;5;.;.;.;5;.;.;.;.;.;.;.;.
"Hamza";20;19;15;31;19;17;18;20;25;30;20;27;33;32;19;31;25;26;25;16;19;26
"Hans";166;136;165;129;120;103;98;73;93;79;103;77;80;72;65;61;58;62;53;48;55;53
"Hans-Petter";4;.;.;.;.;.;.;.;.;.;.;.;.;.;.;.;.;.;.;.;.;.
"Harald";65;54;60;55;38;29;41;27;40;41;57;33;29;37;31;39;28;47;30;44;44;41
"Haris";9;..;6;6;..;4;5;5;.;.;.;5;6;.;.;7;4;7;..;5;7;6
"Harry";.;.;.;.;.;.;.;.;.;.;.;.;.;.;.;.;.;.;.;5;.;7
"Hasan";8;9;11;7;9;9;5;11;4;12;6;11;8;8;12;12;5;9;10;9;9;4
"Hassan";21;28;25;23;26;27;17;17;19;26;24;15;22;20;16;18;19;15;8;14;18;9
"Hauk";10;8;12;14;7;11;8;9;15;14;8;19;10;5;14;.;14;12;6;6;10;5
"Heine";12;24;23;38;26;22;43;41;48;36;42;56;46;33;38;45;26;29;33;28;28;26
"Helge";23;12;14;13;10;13;10;14;11;12;7;12;8;8;9;9;9;8;6;9;7;8
"Helmer";.;.;.;.;.;4;.;.;4;8;6;.;5;13;8;22;31;34;34;24;30;36
"Henning";44;79;61;45;32;44;54;46;44;28;23;25;24;21;20;16;12;15;9;14;15;18
"Henrik";440;487;481;492;464;435;401;424;401;418;382;345;321;332;347;301;350;327;341;327;337;339
"Henry";14;12;18;7;11;16;16;16;20;19;27;32;22;29;39;33;49;66;79;79;80;87
"Henryk";.;.;.;.;.;.;.;.;.;.;.;.;.;.;.;.;.;.;.;9;6;4
"Herman";151;166;169;174;178;192;193;159;179;160;159;150;161;163;157;154;168;146;152;160;172;187
"Hermann";13;35;26;18;17;14;10;15;13;19;18;15;12;9;9;12;10;11;12;4;10;9
"Hermod";.;.;.;.;.;.;.;.;.;.;.;.;.;.;.;.;.;.;.;.;.;.
"Hilmar";.;4;.;5;.;.;.;.;.;4;5;5;8;4;6;.;6;4;7;5;.;.
"Hjalmar";4;4;5;.;4;4;4;8;.;6;..;4;8;5;7;15;14;5;15;9;10;5
"Hogne";5;.;6;.;6;4;9;8;.;.;.;5;.;4;.;.;5;.;.;.;4;5
"Holger";.;.;.;.;.;.;.;.;.;.;.;.;.;.;.;.;.;.;.;.;6;6
"Hubert";6;5;10;5;6;9;4;7;.;.;4;9;4;4;4;4;.;4;.;.;9;.
"Hugo";7;5;15;7;9;.;7;7;10;7;15;20;15;19;33;26;29;39;38;40;43;42
"Hussain";5;6;5;7;4;4;.;.;5;7;.;.;.;.;.;5;7;4;.;7;.;4
"Hussein";24;18;7;19;13;12;13;10;12;14;15;10;12;13;9;19;17;12;14;5;9;5
"H�kon";351;333;247;204;201;184;236;210;189;170;199;209;206;202;200;203;210;208;256;234;189;209
"H�var";13;15;11;16;7;12;5;4;.;.;6;5;5;.;.;.;.;.;.;.;.;.
"H�vard";227;214;217;175;152;161;141;130;103;109;103;86;95;61;71;43;50;34;37;41;34;45
"Ian";8;8;11;10;16;8;8;8;12;11;12;10;11;16;7;10;13;10;15;14;11;7
"Ibrahim";23;16;27;18;32;28;39;43;37;39;48;46;46;41;44;51;45;49;54;59;40;35
"Idar";10;7;11;10;.;6;4;9;5;6;4;.;.;.;5;.;.;4;4;.;.;.
"Idris";6;.;.;4;.;.;4;.;.;.;.;6;.;.;5;5;5;11;10;10;10;14
"Igor";4;9;4;.;4;7;12;10;7;8;8;11;15;11;9;10;11;6;8;6;4;7
"Ilyas";.;9;5;8;5;.;4;9;10;6;7;12;5;12;12;16;15;15;10;20;15;14
"Imran";.;.;9;5;4;4;..;.;.;.;6;7;11;10;9;16;15;13;18;17;10;5
"Imre";.;5;7;9;5;15;11;17;20;19;22;34;20;25;28;31;20;20;18;20;17;13
"Ingar";4;.;5;6;5;.;6;.;5;.;5;.;5;4;.;.;.;.;.;.;.;.
"Inge";12;11;6;7;.;9;5;.;6;6;4;4;.;.;.;.;.;6;.;.;.;.
"Ingebrigt";6;5;5;5;6;.;.;.;.;.;.;.;.;.;.;4;.;.;.;.;.;.
"Ingmar";4;.;.;.;.;.;.;.;.;.;.;9;.;5;5;6;4;.;5;.;7;7
"Ingolf";.;.;.;.;.;.;.;.;.;.;.;.;.;.;.;.;.;.;.;.;.;.
"Ingvald";.;.;.;.;.;.;.;.;.;.;.;.;6;.;.;.;.;.;.;.;4;4
"Ingvar";.;.;4;5;.;6;.;5;.;.;.;.;.;.;.;.;.;.;.;6;.;.
"Ingve";.;.;4;.;.;.;.;.;4;.;.;.;.;.;.;.;.;.;.;.;.;.
"Ireneusz";.;.;.;.;.;.;.;.;.;.;.;.;.;.;.;.;.;.;.;.;.;.
"Isa";.;4;.;4;4;.;5;.;4;7;8;8;11;4;4;15;..;17;7;10;14;20
"Isaac";7;6;6;8;6;6;14;11;14;17;17;18;16;16;19;26;36;29;30;16;31;21
"Isac";5;10;12;9;10;14;16;14;18;28;24;26;12;26;23;23;29;24;30;22;19;17
"Isak";103;130;144;168;193;227;204;210;241;204;325;292;244;252;284;295;276;240;249;288;242;266
"Ismail";16;16;13;14;15;11;14;14;9;22;13;18;19;18;21;23;14;16;17;10;19;20
"Ivan";20;17;24;13;21;26;22;21;19;23;22;12;9;22;24;12;17;20;17;28;18;17
"Ivar";40;47;34;45;30;38;35;27;26;33;27;30;20;26;30;33;30;22;32;34;35;35
"Iver";52;50;63;64;81;79;92;100;92;115;114;122;141;129;132;145;137;157;185;166;169;163
"Ivo";.;.;.;.;.;.;4;5;10;6;11;6;7;11;5;8;14;14;17;20;14;19
"Jacek";.;.;.;.;.;.;.;.;.;.;.;.;.;.;.;.;.;.;.;.;.;.
"Jack";9;7;8;..;7;11;6;..;8;13;12;9;..;14;14;17;13;16;9;9;11;8
"Jacob";78;73;81;88;113;112;110;105;101;113;128;136;142;125;155;139;142;148;120;182;132;138
"Jahn";.;4;.;.;.;.;.;.;.;.;.;.;.;.;.;.;.;.;.;.;.;.
"Jakob";116;130;134;164;205;175;210;183;211;188;222;232;235;247;220;239;240;262;261;264;236;285
"Jakub";23;25;34;34;30;43;30;30;36;34;35;27;32;20;22;32;27;16;28;27;40;34
"Jamal";6;5;4;4;.;7;.;.;.;9;7;.;.;6;6;4;4;4;4;6;.;.
"James";11;16;7;8;4;12;11;10;6;11;9;9;14;7;15;9;16;14;14;12;9;11
"Jan";133;132;117;103;78;82;71;52;74;77;81;72;53;58;55;70;54;55;65;61;77;63
"Jan-Erik";6;.;.;.;.;.;.;.;.;.;.;.;.;.;.;.;.;.;.;.;.;.
"Janis";.;.;.;.;.;.;.;.;.;.;.;.;.;.;.;.;.;.;.;.;.;.
"Jann";4;.;.;.;.;.;.;.;.;.;.;.;.;.;.;.;.;.;.;.;.;.
"Janusz";.;.;.;.;.;.;.;.;.;.;.;.;.;.;.;.;.;.;.;.;.;.
"Jaran";.;8;5;4;5;6;.;6;7;6;10;.;11;4;6;9;11;4;7;.;.;6
"Jarand";10;10;16;6;10;9;7;7;6;10;12;8;8;7;.;.;7;.;.;.;.;.
"Jardar";10;10;10;7;.;4;9;7;6;.;5;4;6;.;4;5;4;.;.;.;.;.
"Jarl";8;12;10;6;7;.;.;.;5;7;5;..;5;.;8;4;7;8;.;9;6;6
"Jarle";30;22;13;14;9;17;8;7;4;12;7;4;7;6;.;6;12;12;6;4;5;8
"Jaroslaw";.;.;.;.;.;.;.;.;.;.;.;.;.;.;.;.;.;.;.;.;.;.
"Jason";4;.;6;.;7;..;6;4;.;.;6;5;8;5;4;5;8;8;8;4;6;.
"Jean";6;8;6;6;.;.;12;5;7;8;9;5;6;..;.;.;.;.;.;.;.;.
"Jens";67;91;114;86;75;72;95;81;80;80;85;92;67;87;78;75;71;76;105;96;119;97
"Jeppe";.;7;11;8;8;8;8;4;7;10;18;12;9;7;12;8;13;20;18;16;19;20
"Jerzy";.;.;.;.;.;.;.;.;.;.;.;.;.;.;.;.;.;.;.;.;.;.
"Jesper";116;113;93;85;127;128;147;141;131;143;115;120;116;99;92;85;96;116;113;83;100;91
"Jim";15;11;9;9;7;13;11;7;4;8;.;6;5;.;..;.;.;.;.;6;.;.
"Jimmy";14;9;6;9;5;7;6;.;9;7;10;6;5;4;.;.;.;.;.;.;.;.
"Jo";19;29;33;25;20;39;22;22;25;20;26;21;21;15;18;26;17;22;18;23;14;19
"Joachim";95;82;94;71;76;80;61;50;46;33;49;33;30;41;19;17;18;17;11;13;10;12
"Joacim";11;13;8;11;7;5;6;4;6;.;.;.;.;.;.;.;.;.;.;.;.;.
"Joakim";260;249;226;241;204;165;149;123;137;112;100;95;62;68;58;47;38;39;37;28;23;28
"Joao";.;.;.;.;.;.;5;.;.;..;.;.;.;.;.;.;.;.;.;.;.;.
"Joar";11;20;21;11;13;7;6;18;12;10;12;7;5;7;14;11;8;8;9;7;14;9
"Joel";8;9;14;16;13;20;13;26;18;22;21;19;24;30;22;27;27;31;28;41;35;30
"Johan";134;136;128;102;116;124;101;113;117;113;154;139;153;130;181;164;154;204;191;181;175;158
"Johann";7;7;14;10;8;13;4;4;11;..;9;7;7;8;6;6;6;12;7;7;9;6
"Johannes";178;173;155;171;200;202;210;245;242;221;220;235;219;216;225;249;243;237;235;243;257;243
"John";119;130;112;109;106;79;100;80;68;75;74;67;53;51;63;56;56;51;50;52;50;49
"Johnny";15;11;10;12;9;13;5;.;.;11;.;4;.;.;6;.;.;9;.;.;.;.
"Jomar";6;.;4;.;4;.;.;.;.;.;.;.;.;.;.;.;.;.;.;.;.;.
"Jon";131;111;106;92;87;100;77;78;65;64;66;77;54;63;51;49;53;50;53;36;38;36
"Jonah";.;.;.;.;.;5;13;8;21;22;18;34;27;21;26;19;28;14;28;28;22;18
"Jonas";442;512;507;479;483;510;489;474;562;464;446;457;418;397;396;311;326;305;329;303;265;208
"Jonatan";30;41;46;43;38;56;48;40;36;42;60;51;48;41;35;28;32;26;21;22;26;14
"Jonathan";94;86;110;101;92;129;131;138;144;147;175;194;194;205;196;170;157;139;162;146;121;121
"Jone";26;17;17;13;21;25;26;31;14;20;26;34;20;18;17;20;17;19;21;14;13;18
"Jonn";.;.;.;.;.;.;.;.;.;.;.;.;.;.;.;.;.;.;.;.;.;.
"Jonny";.;5;.;.;.;.;5;.;.;.;.;.;.;.;.;.;.;.;.;.;.;.
"Jorge";.;.;.;.;.;.;.;.;.;.;.;.;.;.;.;.;.;.;.;.;.;.
"Jose";5;5;..;6;6;.;.;4;5;.;.;.;.;.;.;.;.;4;.;.;.;.
"Josef";7;9;13;10;16;11;13;12;18;12;14;18;15;20;19;22;21;24;22;27;26;26
"Joseph";5;..;6;.;4;11;7;7;7;.;6;13;9;9;7;6;15;11;7;16;4;9
"Joshua";9;17;10;13;13;8;7;10;15;19;12;15;16;12;10;15;14;13;8;9;10;10
"Jostein";73;58;50;42;34;36;29;28;23;12;19;13;18;16;11;14;10;7;11;8;6;9
"Jozef";.;.;.;.;.;.;.;.;.;.;.;.;.;.;.;.;.;.;.;.;.;.
"Juan";7;6;5;10;.;6;8;7;6;5;6;4;.;5;.;.;4;7;4;.;.;.
"Julian";51;55;63;61;82;83;116;157;171;211;198;192;223;226;213;186;170;178;183;143;127;139
"Julius";16;7;13;14;9;10;7;18;9;15;15;16;18;20;17;22;13;9;18;13;10;15
"Justin";..;9;4;.;5;9;6;.;8;9;5;9;15;6;10;7;.;.;.;6;.;.
"J�ran";14;22;11;15;11;17;6;10;11;9;.;.;.;.;7;4;.;.;.;.;.;.
"J�rg";.;.;.;.;.;.;.;.;.;.;.;.;.;.;.;.;.;.;.;.;.;.
"J�rgen";322;345;290;252;230;212;193;171;159;153;144;143;112;90;76;62;77;58;60;60;53;41
"J�rn";16;13;21;7;7;9;8;4;7;.;6;.;.;4;.;.;.;.;.;.;.;.
"J�rund";7;7;8;5;5;5;5;.;5;4;.;.;.;4;.;.;.;.;.;.;.;.
"Kaare";.;.;.;.;.;.;.;.;.;.;.;.;.;.;.;.;.;.;.;.;.;.
"Kacper";12;22;27;23;22;35;31;24;27;28;22;23;15;25;20;22;18;19;20;20;20;19
"Kai";9;13;11;17;7;10;10;12;16;9;12;8;20;16;14;17;11;11;12;8;13;11
"Kaj";.;.;.;.;.;.;.;.;.;.;.;.;.;.;.;.;.;.;.;.;.;.
"Kamal";.;.;.;.;.;4;.;.;.;.;.;.;.;.;.;.;.;.;.;.;.;.
"Kamil";30;11;14;8;5;8;7;11;.;6;6;4;4;7;6;.;.;6;.;.;4;.
"Karim";4;5;.;8;4;..;4;6;.;5;7;.;6;5;8;6;9;10;7;7;9;7
"Karl";76;74;74;55;53;48;56;59;51;59;52;54;56;62;43;32;53;39;70;46;30;40
"Karol";.;4;5;.;4;4;.;9;8;6;5;6;4;6;11;5;.;7;5;4;.;4
"Karolis";.;4;.;.;.;.;.;.;.;.;.;7;4;.;.;4;.;.;.;.;.;.
"Karstein";.;.;.;.;4;.;.;.;.;.;.;.;.;.;.;.;.;.;.;..;.;.
"Karsten";24;15;17;13;15;25;23;13;19;17;19;15;17;10;17;20;10;15;20;21;16;23
"Kasper";76;99;95;120;146;154;157;138;154;158;170;210;179;174;161;166;179;187;188;182;197;167
"Kato";4;.;4;.;.;.;.;.;5;.;.;.;.;.;.;.;.;.;.;.;.;.
"Kay";.;.;.;.;.;.;.;.;.;.;.;.;.;.;.;.;.;.;.;.;.;.
"Kazimierz";.;.;.;.;.;.;.;.;.;.;.;.;.;.;.;.;.;.;.;.;.;.
"Ken";12;15;13;8;11;7;13;12;10;8;4;.;6;.;6;.;10;.;4;.;.;.
"Kennet";4;4;7;.;4;.;4;.;.;..;.;.;.;.;.;.;.;.;.;.;.;.
"Kenneth";73;50;43;42;28;39;28;31;21;15;13;15;7;9;8;13;6;6;9;5;7;4
"Kenny";4;7;9;7;8;9;6;.;6;5;6;4;5;.;4;.;.;.;.;.;.;.
"Kent";16;15;12;12;16;11;11;8;8;7;8;11;7;6;4;4;.;.;7;.;.;.
"Kestutis";.;.;.;.;.;.;.;.;.;.;.;.;.;.;.;.;.;.;.;.;.;.
"Ketil";.;.;.;.;.;.;.;.;.;.;.;.;.;.;.;.;.;.;.;.;.;.
"Kevin";158;148;156;125;171;145;146;155;138;132;157;150;137;142;116;105;103;94;85;67;59;59
"Khaled";6;10;6;.;5;7;5;5;10;.;10;10;8;11;6;4;9;4;6;7;.;.
"Khalid";12;11;15;10;13;8;14;8;14;7;12;16;15;14;18;16;13;14;9;12;11;5
"Khalil";5;5;5;5;.;5;4;4;5;.;6;4;5;.;4;.;6;4;.;4;.;.
"Kian";.;.;4;7;4;.;6;6;6;5;16;10;11;12;21;18;22;26;31;30;23;18
"Kim";78;85;96;54;65;54;56;36;41;32;22;34;25;20;20;20;17;16;11;10;11;4
"Kim-Andre";8;4;8;4;.;.;.;.;5;.;.;.;.;.;.;.;.;.;.;.;.;.
"Kjartan";16;12;13;8;11;9;7;.;.;.;.;.;.;4;.;.;.;.;.;.;.;.
"Kjell";35;29;24;28;15;16;17;16;13;7;10;18;8;5;6;7;5;4;5;7;6;10
"Kjetil";55;48;31;45;21;20;15;17;8;18;10;12;8;5;.;6;7;6;5;.;.;7
"Klaus";.;.;.;.;5;5;.;.;5;.;.;.;.;.;.;.;.;.;.;.;4;.
"Knut";96;78;92;63;62;54;53;59;66;52;43;41;37;31;43;26;36;36;38;32;41;39
"Kolbj�rn";.;.;.;.;.;.;4;.;.;.;.;.;.;.;.;.;.;.;.;6;4;.
"Konrad";13;15;25;13;18;24;30;24;36;21;29;37;43;38;31;41;44;48;38;39;45;49
"Kornelius";7;6;8;.;9;10;10;12;5;8;10;23;17;13;22;21;16;9;17;16;23;16
"Kristen";4;6;5;6;.;.;5;.;.;.;.;.;.;.;4;.;.;.;.;.;.;.
"Krister";28;14;25;10;11;11;13;5;6;9;9;6;6;5;.;.;.;5;.;.;.;.
"Kristian";434;417;369;351;351;313;307;321;290;297;267;239;263;240;194;178;167;165;128;133;116;95
"Kristoffer";325;321;327;320;278;280;252;262;219;226;218;202;150;153;119;82;96;79;96;63;49;47
"Krystian";11;10;10;6;.;4;4;5;9;4;9;10;8;.;6;4;6;.;5;.;4;.
"Krzysztof";5;.;.;.;6;4;.;4;.;.;.;.;5;6;.;.;.;.;.;.;4;.
"Kurt";4;4;.;6;.;.;.;.;.;4;.;5;.;.;.;.;.;.;.;.;.;.
"Kyrre";8;7;7;7;6;5;11;4;5;7;5;4;6;.;4;6;4;4;5;6;5;.
"K�re";7;7;4;7;.;.;4;9;.;6;5;8;4;8;5;4;.;11;..;7;9;8
"Lars";334;324;329;302;259;250;228;215;193;198;182;157;156;156;152;126;118;117;99;104;93;66
"Lars-Erik";5;6;4;5;5;.;.;.;.;.;.;.;.;.;.;.;.;.;.;.;.;.
"Lasse";94;99;69;62;63;55;60;52;46;45;33;44;34;29;28;24;30;26;18;25;17;12
"Laurits";6;8;4;4;5;14;6;12;12;16;17;7;16;14;9;11;13;8;14;18;14;16
"Lauritz";4;.;8;12;6;11;8;9;12;12;15;15;10;12;20;13;8;17;18;14;23;19
"Lavrans";8;6;4;.;4;9;16;10;11;11;12;.;9;10;10;7;26;21;30;75;68;55
"Leander";18;23;25;27;26;38;58;76;121;129;146;163;190;153;189;140;163;140;112;115;116;77
"Leif";33;21;24;13;23;28;19;13;22;13;11;13;17;12;10;11;15;11;12;9;18;14
"Leiv";.;.;4;.;.;.;.;.;.;.;.;.;.;4;.;.;.;.;.;.;.;.
"Lennart";7;8;.;.;.;..;5;.;6;5;4;7;.;5;.;.;.;.;.;.;4;.
"Leo";15;15;29;37;33;54;74;94;115;109;126;141;143;141;159;160;135;145;138;134;156;155
"Leon";19;29;48;41;42;62;89;132;152;175;219;278;317;290;277;240;285;243;199;201;175;184
"Leonard";12;10;10;13;13;17;17;21;27;26;21;37;25;23;46;31;34;39;32;41;29;33
"Leonardo";..;7;..;.;6;5;5;5;11;6;11;5;12;9;7;5;9;16;13;11;14;13
"Leszek";.;.;.;.;.;.;.;.;.;.;.;.;.;.;.;.;.;.;.;.;.;.
"Levi";5;8;10;10;8;8;13;11;10;24;35;37;43;47;63;43;58;56;70;75;83;113
"Liam";15;11;22;9;18;27;40;48;67;62;80;165;232;248;336;338;333;397;327;296;287;275
"Liban";10;8;6;6;8;12;4;.;4;.;.;8;.;.;.;.;.;.;.;.;.;.
"Linas";.;.;.;.;.;.;.;.;.;.;.;.;.;.;6;7;.;.;.;.;5;.
"Linus";5;8;16;14;26;26;29;78;125;160;131;141;143;154;113;118;96;89;84;89;70;59
"Loke";.;5;14;7;10;12;13;18;17;13;19;18;26;24;36;38;49;30;36;41;43;32
"Lorentz";.;.;.;.;4;.;.;.;.;.;.;.;.;.;5;4;5;.;6;4;9;6
"Louis";4;6;6;5;.;8;..;8;9;10;11;9;15;8;15;13;26;17;15;21;25;21
"Luca";..;.;6;7;5;4;11;12;16;19;20;17;23;23;26;23;40;32;32;43;34;48
"Lucas";23;27;42;40;44;62;83;119;184;243;322;354;333;308;314;250;270;226;235;262;234;209
"Ludvig";31;37;43;41;39;44;46;52;72;80;75;76;102;143;122;133;142;153;168;158;165;130
"Ludvik";23;19;22;27;28;34;25;44;41;53;62;65;80;76;75;53;60;57;71;79;68;55
"Luis";4;8;7;..;.;11;5;5;7;7;11;7;5;8;8;13;6;11;10;14;13;10
"Luka";4;5;7;5;7;10;14;11;17;13;26;18;28;20;21;17;21;20;19;24;32;30
"Lukas";38;35;62;62;68;96;140;186;247;251;266;246;201;201;226;185;176;186;191;165;187;183
"Lukasz";5;.;5;7;6;.;5;.;.;4;.;.;.;.;.;.;.;.;.;.;.;.
"Lyder";.;5;.;.;.;7;.;.;5;8;.;9;8;8;8;8;18;14;16;17;13;11
"Maciej";5;9;9;8;.;.;8;9;7;10;12;10;5;5;.;.;.;.;.;.;.;5
"Mads";85;86;105;105;111;124;107;100;81;98;97;85;78;77;54;57;33;50;28;24;21;14
"Magnar";6;8;11;7;5;.;.;6;.;4;4;.;4;.;6;.;.;.;.;.;7;6
"Magne";26;18;29;20;15;13;23;15;14;13;7;18;10;12;11;16;13;16;16;11;7;7
"Magnus";453;404;431;453;456;430;410;428;386;439;430;451;438;395;385;353;371;320;312;299;266;269
"Mahad";9;8;10;4;4;11;5;.;5;7;.;.;6;6;5;4;4;.;.;.;.;.
"Mahamed";9;8;11;9;6;8;8;10;11;12;4;11;8;8;12;5;5;.;5;.;5;4
"Mahdi";6;5;12;10;8;5;6;4;.;5;7;12;..;.;.;4;4;.;..;..;.;.
"Mahmoud";11;12;10;8;4;9;5;8;5;15;8;7;12;8;10;9;12;11;6;9;6;.
"Maksymilian";.;.;4;.;6;5;5;5;7;12;10;7;13;7;7;14;9;11;16;9;15;14
"Malik";.;4;6;5;.;.;4;5;8;10;9;9;5;8;5;5;10;11;10;8;6;8
"Malvin";.;4;.;.;.;.;5;.;4;5;5;5;4;8;9;13;6;6;7;12;13;17
"Mantas";6;8;5;.;.;4;.;4;.;.;4;4;.;.;.;.;5;.;.;.;.;.
"Manuel";.;.;4;.;.;.;4;.;.;.;.;6;6;.;.;.;5;5;5;.;.;.
"Marc";6;.;.;.;.;.;8;4;.;7;.;5;.;.;.;.;.;.;.;.;.;.
"Marcel";4;5;10;5;13;12;10;11;9;14;16;15;13;14;18;14;23;19;16;16;21;16
"Marcin";4;5;.;.;.;.;.;.;.;4;.;.;.;.;.;.;.;.;.;.;.;.
"Marco";11;12;13;20;15;12;20;10;18;15;15;12;8;15;12;15;10;17;10;6;5;6
"Marcus";251;268;274;297;258;203;241;220;208;211;204;201;191;176;161;155;154;126;102;106;72;68
"Marek";7;4;.;.;.;.;.;.;5;.;.;.;.;.;.;.;.;.;.;.;.;.
"Marian";.;.;.;.;.;.;.;.;.;.;.;.;.;.;.;.;.;.;.;.;.;.
"Mario";6;7;.;5;8;..;9;7;7;11;4;4;12;14;6;19;9;4;7;6;8;7
"Marius";430;426;435;453;370;329;334;323;296;334;295;295;255;210;222;212;169;145;132;138;131;115
"Mariusz";.;.;.;.;.;.;.;.;.;.;.;.;.;.;.;.;.;.;.;.;.;.
"Mark";6;13;6;5;6;8;5;8;7;8;5;7;9;12;8;6;6;8;4;6;5;7
"Marko";10;8;.;10;10;4;4;9;7;13;6;9;9;..;6;7;5;7;9;6;6;5
"Markus";413;387;358;354;312;293;294;314;237;262;256;253;259;203;216;178;263;240;214;150;136;132
"Martin";637;654;599;546;533;500;514;415;398;394;363;339;335;306;309;218;252;235;245;184;190;153
"Martinius";7;5;5;9;13;9;10;4;11;13;16;13;4;11;9;11;18;11;11;.;9;.
"Martinus";9;12;10;4;5;12;10;11;8;12;18;14;17;12;16;15;14;14;16;13;.;8
"Martynas";6;4;4;5;.;.;4;.;.;.;.;.;.;.;.;.;.;.;5;.;.;.
"Marvin";4;.;.;.;6;.;5;4;5;.;4;.;9;7;8;5;5;4;.;6;8;7
"Matas";.;6;.;6;6;4;4;7;10;7;10;17;11;8;10;14;12;8;15;21;16;4
"Mateo";.;.;.;.;..;..;..;7;10;11;14;28;16;27;21;32;32;32;25;35;51;50
"Mateusz";22;12;28;15;13;16;14;14;18;14;13;15;10;9;8;6;4;7;5;5;5;.
"Matheo";.;.;.;.;.;..;.;14;21;43;59;100;118;160;262;239;243;249;250;225;221;244
"Matheus";5;4;4;6;.;8;7;9;12;10;13;10;12;18;8;12;19;18;13;18;11;11
"Mathias";411;468;496;444;471;498;504;446;485;446;453;428;449;407;370;343;346;370;362;266;250;201
"Mathis";.;.;.;.;.;.;4;.;.;7;.;5;9;5;4;.;..;8;.;.;4;5
"Matias";40;66;57;53;56;54;59;40;46;43;45;52;39;44;43;45;45;36;40;41;27;29
"Mats";198;202;221;171;184;187;198;172;137;126;147;125;110;111;88;71;100;63;63;57;60;37
"Matteo";.;.;5;5;.;6;6;7;9;4;15;9;26;22;19;19;25;17;21;28;20;23
"Matthew";13;6;6;..;..;.;7;9;..;8;6;5;8;.;4;5;8;7;.;.;8;.
"Matthias";4;5;.;8;8;4;.;.;.;.;.;.;.;6;5;.;8;..;.;.;8;7
"Mattias";22;14;21;30;23;14;23;16;11;10;12;9;15;18;8;9;6;5;5;9;4;.
"Mattis";15;17;18;12;17;22;23;20;24;23;30;26;41;31;36;29;35;22;18;20;16;21
"Max";26;31;32;33;36;41;50;58;60;58;91;120;136;139;141;113;123;111;116;117;102;103
"Maximilian";11;17;13;8;8;10;10;17;17;10;20;23;26;30;36;30;45;22;25;30;25;25
"Mehdi";5;5;11;9;5;9;5;.;4;.;4;..;.;5;.;5;.;.;4;4;.;4
"Mehmet";5;5;7;.;5;5;4;4;.;7;.;.;9;.;7;4;8;5;5;5;.;4
"Melvin";.;.;.;.;8;4;5;9;10;10;11;14;20;14;9;14;26;23;23;21;32;23
"Michael";88;68;79;62;75;86;55;62;59;70;52;45;60;53;52;55;54;41;50;33;48;25
"Michal";22;13;13;11;5;14;17;13;10;12;11;9;9;9;6;5;4;5;.;7;6;4
"Miguel";.;.;..;.;.;4;.;4;5;7;5;6;8;7;8;5;.;5;.;9;4;.
"Mika";6;12;6;6;7;13;9;8;6;15;13;7;13;21;10;9;9;13;8;13;7;16
"Mikael";67;87;82;65;93;83;79;81;70;76;86;82;74;65;89;72;39;63;47;54;50;41
"Mikail";.;.;.;9;4;6;5;6;13;5;5;.;9;10;13;15;9;14;15;9;10;11
"Mikal";26;25;19;38;18;16;16;19;20;24;17;20;16;16;21;14;8;6;6;7;10;9
"Mike";5;4;5;.;6;.;5;.;4;.;4;.;.;.;.;.;.;4;7;11;.;.
"Mikkel";50;69;60;75;72;95;84;98;139;136;149;189;151;194;175;159;169;162;205;177;171;194
"Mikolaj";4;.;5;11;.;8;5;11;8;17;9;8;6;11;12;.;9;8;17;11;13;6
"Milan";.;6;6;4;.;11;7;7;5;9;12;6;14;14;10;20;21;45;21;32;32;34
"Milian";.;.;.;.;.;.;.;.;.;.;17;21;20;50;48;38;47;62;51;50;39;48
"Milos";4;.;.;.;.;.;.;4;.;.;.;.;.;.;.;.;4;.;.;.;.;.
"Mindaugas";.;.;.;.;.;.;.;.;.;.;.;.;.;.;.;.;.;.;.;.;.;.
"Minh";.;5;4;.;.;4;.;.;4;6;.;7;5;.;4;.;.;.;.;.;.;.
"Mio";.;.;.;.;.;.;.;4;4;9;9;17;27;25;46;55;65;44;60;63;55;51
"Miroslav";.;.;.;.;.;.;.;.;.;.;.;.;.;.;.;.;.;.;.;.;.;.
"Miroslaw";.;.;.;.;.;.;.;.;.;.;.;.;.;.;.;.;.;.;.;.;.;.
"Mohamad";29;41;36;36;25;35;42;38;34;42;36;46;41;31;28;32;30;21;23;9;12;9
"Mohamed";68;66;62;44;59;58;64;54;46;70;59;65;62;66;53;47;69;64;59;51;43;33
"Mohammad";67;130;96;83;61;76;77;98;78;66;90;93;85;102;98;98;80;86;83;70;76;53
"Mohammed";62;47;75;42;69;38;53;59;42;58;75;50;62;58;72;49;57;50;55;57;53;43
"Mons";4;4;.;10;5;6;13;12;9;10;13;11;13;8;13;8;5;9;8;11;15;13
"Morgan";8;10;19;18;20;13;17;12;24;13;11;11;15;8;10;7;4;5;6;6;.;.
"Morten";156;156;118;118;100;80;68;68;53;56;55;35;26;38;21;24;28;9;19;18;21;16
"Mostafa";8;10;7;11;7;.;4;5;6;4;5;.;4;5;5;4;.;6;10;.;4;5
"Muhammad";21;20;24;21;19;19;25;27;33;39;47;43;46;82;71;66;79;95;69;93;91;67
"Muhammed";8;9;5;6;6;6;10;15;7;13;14;14;19;10;13;24;18;21;14;16;11;9
"Mustafa";25;32;21;27;21;27;19;23;15;18;18;21;19;24;19;15;30;27;19;19;11;16
"Narve";.;.;.;.;.;.;.;.;.;.;.;.;.;.;.;.;.;.;.;.;.;.
"Natan";.;.;.;.;.;.;6;4;8;8;11;6;11;10;8;15;7;26;20;15;23;26
"Nataniel";4;.;..;6;7;.;5;13;8;7;11;9;11;10;14;12;10;12;6;14;6;7
"Nathan";..;5;.;4;.;.;6;8;12;.;9;14;18;18;19;19;19;10;19;21;13;16
"Nathaniel";13;15;12;21;15;24;26;23;24;47;45;66;54;61;71;61;57;53;43;40;48;37
"Neo";.;.;.;.;4;.;4;6;11;8;12;13;14;16;7;11;23;16;17;17;20;11
"Nerijus";.;.;.;.;.;.;.;.;.;.;.;.;.;.;.;.;.;.;.;.;.;.
"Nicholas";33;32;32;37;41;35;56;46;54;54;45;51;55;37;33;33;35;31;29;23;20;24
"Nicklas";19;14;19;22;18;31;33;31;26;53;41;30;42;41;34;32;21;25;18;20;16;12
"Niclas";8;12;10;14;11;18;13;10;14;13;14;16;16;9;10;11;9;8;5;.;5;4
"Nicolai";59;66;82;84;87;97;99;97;93;114;104;85;96;94;90;86;73;90;81;68;50;44
"Nicolas";21;15;22;23;29;43;21;18;29;29;36;29;30;23;17;27;23;40;27;17;13;19
"Nicolay";19;27;34;38;34;33;34;24;39;29;23;44;20;22;24;16;9;14;8;13;10;11
"Niels";8;6;4;..;.;.;8;.;.;.;.;.;4;7;5;.;.;.;9;5;5;10
"Niklas";84;62;74;55;67;77;72;90;67;73;89;81;87;83;61;62;48;65;62;53;44;31
"Nikola";..;6;6;5;10;5;.;6;5;5;4;7;6;4;6;6;6;.;4;7;6;.
"Nikolai";84;126;144;101;138;158;182;162;168;155;161;154;165;161;143;142;140;125;124;105;100;87
"Nikolas";21;17;5;14;14;13;12;20;24;22;17;22;27;23;15;22;24;24;24;18;10;29
"Nikolay";6;12;6;6;12;11;7;13;12;9;8;10;8;10;5;4;.;9;6;9;5;4
"Nils";68;51;60;52;54;46;44;55;47;36;47;49;47;44;65;63;64;61;72;83;61;93
"Nj�l";8;7;17;11;7;10;5;5;8;.;.;5;4;.;.;.;.;.;.;.;.;.
"Noa";.;.;.;4;10;17;20;18;18;24;17;23;18;28;14;14;23;16;21;12;25;11
"Noah";10;22;34;86;97;171;222;259;323;348;355;393;367;361;317;298;329;290;361;372;316;303
"Noel";.;.;5;4;.;6;.;7;8;9;9;11;15;15;15;19;15;26;24;35;46;36
"Norbert";.;.;.;.;.;.;4;.;.;5;.;.;5;.;.;.;.;.;.;.;.;.
"Normann";.;.;.;.;.;.;.;.;.;.;.;.;.;.;.;.;.;.;.;.;.;.
"Norvald";.;.;.;.;.;.;.;.;.;.;.;.;.;.;.;.;.;.;.;.;.;.
"Odd";35;34;29;28;22;24;17;16;17;16;12;9;8;10;9;13;13;6;10;14;.;11
"Oddbj�rn";7;9;6;5;4;9;.;6;4;..;.;.;.;.;.;4;.;.;.;.;.;.
"Oddgeir";.;.;.;.;.;.;.;.;.;.;.;.;.;.;.;.;.;.;.;.;.;.
"Oddleif";.;.;.;.;.;.;.;.;.;.;.;.;.;.;.;.;.;.;.;.;.;.
"Oddmund";.;.;.;.;.;.;.;4;.;.;.;4;.;4;5;.;.;.;.;.;.;.
"Oddvar";6;4;6;6;7;4;6;5;4;.;4;5;5;.;7;.;4;4;.;.;9;4
"Oddvin";.;.;.;.;.;.;.;.;.;.;.;.;.;.;.;.;.;.;.;.;.;.
"Odin";58;62;82;83;72;120;114;114;119;147;137;141;131;128;123;167;192;147;172;171;143;120
"Ola";141;131;119;137;100;110;133;128;110;107;129;122;124;144;133;112;116;109;138;108;113;126
"Olaf";8;13;11;8;12;13;11;10;20;19;15;12;16;15;14;14;15;28;26;26;33;22
"Olai";8;7;9;11;7;18;15;18;14;15;39;19;27;52;55;57;75;72;72;74;87;72
"Olav";132;109;101;76;97;109;106;110;128;126;149;116;164;170;156;199;190;229;248;249;243;242
"Ole";438;408;336;312;310;266;262;213;216;238;206;186;189;147;150;196;151;136;134;119;122;111
"Ole-Christian";7;.;6;4;.;.;.;.;.;.;.;.;.;.;.;.;.;.;.;.;.;.
"Ole-J�rgen";.;.;8;.;.;.;.;.;.;.;.;.;.;.;.;.;.;.;.;.;.;.
"Ole-Kristian";6;7;7;6;4;6;4;4;4;.;.;.;.;.;.;.;.;.;.;.;.;.
"Ole-Martin";13;13;14;6;.;9;7;.;.;.;.;.;.;4;.;.;.;.;.;.;.;.
"Ole-Petter";.;.;4;.;.;.;.;.;.;.;.;.;.;.;.;.;.;.;.;.;.;.
"Oliver";107;116;128;151;171;239;334;339;362;347;449;450;401;386;372;383;333;422;395;399;410;353
"Olivier";.;.;.;.;.;.;.;.;7;5;8;8;10;12;7;12;10;16;15;19;11;10
"Olve";17;10;17;.;11;13;13;18;14;16;27;26;9;15;22;14;19;11;12;22;15;13
"Omar";31;16;27;21;23;27;26;39;25;29;38;51;34;30;37;50;47;42;45;45;42;36
"Omer";.;.;.;.;.;.;.;.;.;4;4;.;5;5;.;5;.;5;11;.;7;.
"Omid";5;.;.;8;7;6;5;4;4;.;.;8;.;4;4;.;.;.;4;.;.;.
"Oscar";80;78;94;118;111;127;135;127;146;129;165;153;132;190;168;192;170;178;188;172;166;131
"Oskar";88;92;121;144;169;153;160;164;173;191;185;174;220;180;226;206;212;205;238;233;222;227
"Osman";6;10;9;6;4;12;7;7;6;.;7;8;7;5;4;7;.;6;7;9;9;6
"Osvald";.;.;.;.;.;.;.;.;.;.;4;.;.;.;.;.;.;.;.;.;4;.
"Ottar";7;7;7;6;4;5;6;4;5;5;.;.;6;.;.;.;.;.;.;.;.;4
"Otto";10;7;6;10;5;6;9;9;12;10;10;13;11;11;5;14;21;21;23;15;24;27
"Ove";12;6;12;8;7;7;4;7;8;9;5;7;.;.;.;4;.;.;.;.;6;.
"Paal";5;7;6;4;..;4;.;7;.;.;.;.;.;.;.;.;.;.;.;.;.;.
"Patrick";70;105;97;86;79;81;91;119;84;87;82;57;80;63;60;53;53;47;33;28;28;16
"Patrik";22;21;28;22;17;22;25;33;25;23;27;21;21;18;17;17;11;19;9;5;7;6
"Patryk";17;13;15;13;9;14;7;5;12;10;18;10;12;10;10;7;7;6;7;6;5;4
"Paul";32;22;32;24;29;24;24;23;22;22;14;24;17;21;15;18;10;15;16;13;11;13
"Paulius";5;5;.;.;.;.;.;.;.;.;.;.;.;.;.;.;.;.;4;.;.;.
"Pavel";.;4;.;.;.;.;.;.;.;.;.;.;.;.;.;5;.;.;.;.;.;.
"Pawel";9;11;13;5;5;9;7;9;5;4;.;7;.;.;.;.;.;.;.;.;.;.
"Peder";62;90;94;64;81;88;78;62;73;72;85;98;93;78;82;111;82;86;67;62;67;52
"Pedro";.;5;.;5;..;.;.;5;.;.;.;5;.;.;.;.;5;..;.;.;.;.
"Pelle";6;.;.;8;8;8;7;13;15;11;8;16;10;7;10;5;9;6;15;14;12;13
"Per";115;91;72;57;68;63;58;52;44;47;37;45;40;44;38;29;32;25;28;26;26;29
"Per-Arne";.;.;.;.;.;.;.;.;.;.;.;.;.;.;.;.;.;.;.;.;.;.
"Per-Erik";.;.;.;.;.;.;.;.;.;.;.;.;.;.;.;.;.;.;.;.;.;.
"Peter";89;54;58;61;64;36;75;75;66;64;58;65;44;48;54;54;62;48;57;46;43;36
"Petter";165;185;157;143;143;155;165;124;119;117;119;92;90;88;78;84;66;77;69;63;44;55
"Philip";66;72;80;83;94;97;111;113;113;125;100;122;119;107;89;128;94;117;107;102;108;90
"Phillip";20;6;19;16;17;26;25;34;29;33;45;38;41;41;40;62;40;39;37;37;33;25
"Pierre";.;.;.;.;.;.;.;.;.;.;.;.;.;.;.;.;.;.;.;.;.;.
"Piotr";6;9;11;9;5;8;4;9;5;9;7;.;4;9;7;8;.;6;5;7;4;.
"Preben";68;62;76;52;56;51;38;46;57;20;19;21;16;16;12;10;8;5;7;9;.;7
"Przemyslaw";.;.;4;.;.;.;.;.;.;.;.;.;.;.;.;.;.;.;.;.;.;.
"P�l";42;45;37;34;26;15;19;22;18;12;12;17;7;23;5;12;9;8;14;7;11;9
"Radoslaw";.;.;.;.;4;.;.;.;.;.;.;.;.;.;.;.;.;.;.;.;.;.
"Rafael";7;8;.;.;8;7;10;9;6;7;10;11;17;10;12;11;14;17;13;14;13;14
"Rafal";4;.;4;.;.;.;.;.;.;.;.;.;.;.;.;.;.;.;.;.;.;.
"Ragnar";8;7;11;6;8;7;6;5;7;7;14;12;4;10;7;15;21;19;26;22;28;31
"Ragnvald";.;.;.;.;.;.;.;.;.;.;.;.;.;.;.;.;.;.;.;.;.;.
"Rainer";.;.;.;.;.;.;.;.;.;.;.;.;.;.;.;.;.;.;.;.;.;.
"Ralf";.;.;.;.;.;.;.;.;.;.;.;.;.;.;.;.;.;.;.;.;.;.
"Rami";.;5;5;.;.;6;5;5;6;.;5;6;6;.;8;4;.;.;5;.;.;7
"Ramunas";.;.;.;.;.;.;.;.;.;.;.;.;.;.;.;.;.;.;.;.;.;.
"Rasmus";46;49;51;38;43;34;44;53;39;40;42;57;45;39;36;29;33;27;18;19;20;13
"Ravn";6;8;7;5;.;4;8;8;8;12;10;10;8;12;9;9;8;7;11;11;13;12
"Rayan";.;.;.;.;6;.;5;10;8;12;15;19;13;10;26;24;24;29;22;15;22;20
"Raymond";12;11;12;5;.;6;.;4;4;4;6;.;.;.;.;.;.;.;..;.;.;.
"Reidar";7;12;11;10;8;5;9;5;8;.;.;6;.;5;.;.;.;6;7;7;8;.
"Remi";24;34;25;25;22;12;11;12;12;10;8;6;5;6;8;4;6;.;5;.;4;.
"Remy";9;6;9;9;6;6;5;7;5;..;4;.;.;.;5;.;.;.;.;.;.;.
"Rene";11;15;15;13;8;8;8;5;7;5;..;.;.;.;.;.;.;.;.;.;.;.
"Reza";.;5;7;.;4;.;.;.;.;.;.;.;.;.;.;.;.;.;.;.;.;.
"Ricardo";5;.;.;.;.;.;.;.;.;.;.;.;.;.;.;.;.;.;.;.;.;.
"Richard";28;28;23;30;30;27;22;10;11;11;17;15;13;13;13;12;8;6;7;8;11;4
"Rikard";13;10;9;5;.;7;8;5;.;8;7;.;.;.;.;.;.;.;.;.;.;.
"Rino";7;.;.;6;.;4;4;4;.;5;.;.;.;.;.;.;.;.;.;.;.;.
"Roald";4;7;6;.;.;5;.;.;.;.;5;4;5;.;.;5;.;4;..;4;.;.
"Roar";6;5;8;.;4;6;8;5;4;.;5;.;6;.;4;4;7;.;4;.;.;.
"Robert";73;47;53;33;39;23;27;24;29;22;18;19;17;21;15;22;14;18;18;10;8;17
"Robertas";.;.;.;.;.;.;.;.;.;.;.;.;.;.;.;.;.;.;.;.;.;.
"Roberto";.;.;.;.;.;.;.;.;.;.;.;.;.;.;.;.;.;.;.;.;.;.
"Robin";189;176;163;149;140;138;125;105;106;95;95;82;64;82;46;45;46;59;42;31;38;33
"Roger";13;8;6;7;9;4;.;8;.;6;.;..;.;.;.;5;.;.;.;.;.;.
"Roland";.;.;4;.;.;.;.;.;.;.;.;.;4;.;.;.;.;4;.;.;.;.
"Rolandas";.;.;.;.;.;.;.;.;.;.;.;.;.;.;.;.;.;.;.;.;.;.
"Rolf";18;23;14;20;17;10;15;12;14;10;13;16;7;14;7;10;8;6;11;5;8;11
"Rolv";.;.;.;.;.;.;.;.;.;.;.;.;.;.;.;.;.;.;.;.;.;.
"Roman";.;8;.;.;..;.;6;7;.;.;4;.;7;..;6;.;.;8;6;.;4;4
"Ronald";.;4;4;.;.;.;.;.;.;.;.;.;.;.;.;.;.;.;.;.;.;.
"Ronnie";.;.;.;.;.;.;.;.;.;.;.;.;.;.;.;.;.;.;.;.;.;.
"Ronny";10;12;10;7;6;5;4;4;.;.;.;.;.;4;.;.;.;.;.;.;.;.
"Roy";16;14;6;18;.;.;9;9;.;4;4;5;5;6;4;.;4;.;.;.;.;.
"Ruben";110;122;101;84;76;98;77;57;79;57;57;50;39;37;38;40;35;25;27;12;23;18
"Rudi";8;.;.;.;.;.;.;.;5;6;.;.;.;.;.;.;.;.;.;.;.;.
"Rudolf";.;.;.;.;.;.;.;.;.;.;.;.;.;.;.;.;.;.;.;.;.;.
"Runar";54;43;37;33;25;26;19;15;16;10;14;8;15;4;8;6;.;5;.;.;.;4
"Rune";37;26;28;18;22;11;16;11;10;8;7;7;.;5;..;.;5;.;5;.;5;4
"Ryan";7;7;7;.;7;.;5;8;.;7;10;12;8;8;7;16;6;21;10;11;15;16
"Ryszard";.;.;.;.;.;.;.;.;.;.;.;.;.;.;.;.;.;.;.;.;.;.
"Said";12;8;15;6;8;17;6;7;4;8;4;13;..;9;5;6;5;4;..;5;.;4
"Salah";.;.;.;.;.;.;.;.;.;.;.;..;4;.;4;.;.;.;.;.;.;.
"Salman";5;.;7;4;8;9;5;6;7;4;.;11;5;4;4;6;11;8;19;8;13;7
"Sam";11;8;5;7;6;13;7;7;11;6;8;16;11;13;17;24;20;19;20;21;27;29
"Sami";9;10;4;7;10;8;12;5;8;8;7;.;7;8;8;6;11;9;8;5;6;.
"Samir";..;8;.;8;4;.;7;.;8;6;8;7;9;4;9;11;9;.;5;9;5;9
"Samson";..;.;6;.;.;.;6;.;.;4;8;11;7;7;8;10;7;11;7;11;7;8
"Samuel";46;50;47;45;44;47;61;79;88;85;93;95;95;101;117;127;109;120;146;134;127;132
"Sander";594;572;584;522;501;471;434;402;422;389;339;424;333;279;283;291;326;238;225;217;288;237
"Saulius";.;.;.;.;.;.;.;.;.;.;.;.;.;.;.;.;.;.;.;.;.;.
"Scott";14;11;19;17;14;17;19;18;17;19;20;24;16;25;17;18;13;17;16;11;21;9
"Sean";13;24;17;19;14;19;21;19;21;30;19;30;22;12;10;15;10;12;8;..;4;4
"Sebastian";278;302;360;336;358;339;370;409;422;390;376;418;358;324;325;313;272;272;259;229;203;173
"Selmer";.;.;.;.;4;4;.;4;.;5;8;11;9;7;13;19;19;6;17;14;21;16
"Severin";11;11;.;5;5;9;11;5;6;.;5;9;4;9;8;11;6;14;25;15;20;16
"Seyed";5;.;7;.;.;.;.;.;.;6;.;.;.;.;.;.;.;.;.;.;.;.
"Sigbj�rn";16;14;20;12;9;.;4;4;5;4;6;4;.;5;.;.;6;.;.;.;5;5
"Sigfred";.;.;.;.;.;.;.;.;.;.;.;.;.;.;.;.;.;.;.;.;.;.
"Sigmund";13;8;13;8;8;8;7;8;12;7;10;9;9;13;17;8;9;5;15;12;17;16
"Sigurd";151;144;138;157;151;134;142;146;176;171;159;150;208;204;191;151;179;175;156;167;152;148
"Sigvald";.;.;.;.;.;.;.;.;.;.;.;.;.;.;.;.;.;.;.;4;.;.
"Sigvart";.;.;.;7;4;6;5;.;4;.;.;.;.;6;.;.;.;.;.;4;.;.
"Sigve";35;39;38;42;62;36;39;36;37;38;29;39;32;43;35;32;19;24;27;27;26;30
"Silas";.;.;.;.;4;..;.;8;12;12;19;21;18;21;19;20;24;35;26;22;31;42
"Simen";363;357;412;305;332;269;267;221;207;200;193;146;134;138;70;69;61;46;25;42;25;19
"Simon";180;218;205;184;151;150;148;132;127;118;140;132;141;118;101;103;80;76;81;64;56;60
"Sindre";284;252;249;240;235;215;207;160;165;182;161;133;109;109;102;75;70;55;67;30;44;30
"Sivert";121;122;150;132;116;108;101;88;116;124;119;87;104;84;87;81;74;89;60;55;43;54
"Sjur";17;26;22;13;16;20;15;12;19;18;12;12;14;22;16;17;13;10;15;9;6;11
"Skjalg";7;5;.;6;4;.;.;.;.;5;.;.;.;.;.;.;.;.;.;.;.;.
"Slawomir";.;.;.;.;.;.;.;.;.;.;.;.;.;.;.;.;.;.;.;.;.;.
"Snorre";25;38;48;31;17;39;31;21;32;36;27;29;29;28;26;28;20;24;19;17;22;21
"Solomon";4;.;.;.;.;.;.;.;.;.;.;.;.;.;.;.;.;.;.;.;.;.
"Sondre";355;373;344;371;361;306;334;287;279;259;288;258;223;224;231;185;165;177;161;142;109;93
"Stanislaw";.;.;.;.;.;.;.;.;.;.;5;.;.;6;6;4;.;4;.;10;6;5
"Stefan";39;37;29;25;15;24;22;20;19;28;21;26;21;22;14;20;16;29;27;21;22;18
"Steffan";.;.;.;.;.;.;.;.;.;.;.;.;.;.;.;.;.;.;.;.;.;.
"Steffen";104;103;90;77;57;45;49;46;37;36;24;23;15;19;12;22;8;11;8;7;9;5
"Stein";20;17;18;6;12;11;11;12;11;5;5;8;4;5;9;10;7;5;.;.;.;.
"Steinar";32;22;22;19;10;21;15;11;10;10;12;18;7;10;6;9;7;6;9;.;5;.
"Sten";5;10;.;7;6;.;.;.;.;5;.;.;.;6;5;.;.;.;.;.;.;.
"Stephan";.;.;4;6;.;6;6;5;7;.;4;.;.;.;.;.;.;.;.;.;.;.
"Stephen";.;.;4;5;.;.;.;.;.;.;.;.;.;.;.;.;.;.;.;.;.;.
"Steve";4;.;.;.;.;.;.;.;.;.;.;.;.;.;.;.;.;.;.;.;.;.
"Steven";12;9;7;7;7;.;7;7;6;6;8;6;8;.;8;4;5;4;.;6;..;.
"Stian";314;292;249;247;176;171;155;104;86;78;52;52;43;28;20;19;17;17;18;27;8;6
"Stig";20;17;23;12;12;12;10;4;4;.;5;6;5;4;7;.;.;.;4;.;.;.
"Storm";7;.;8;4;23;32;33;41;64;71;85;99;102;105;110;110;97;113;112;68;99;81
"Sture";5;4;.;.;.;.;.;.;.;.;.;.;.;.;.;.;.;.;.;.;.;.
"Sturla";7;.;7;6;7;4;6;4;8;8;10;7;7;6;4;.;.;.;.;.;.;.
"St�le";15;9;6;4;9;.;.;5;4;.;.;.;4;5;.;4;.;.;.;.;.;.
"Svein";40;29;32;25;20;22;16;14;12;12;13;13;8;6;10;4;9;9;11;.;12;6
"Svein-Erik";.;.;.;.;.;.;.;.;.;.;.;.;.;.;.;.;.;.;.;.;.;.
"Sveinung";15;10;10;10;5;5;.;12;.;7;6;.;6;.;.;.;4;.;.;5;.;.
"Sven";9;21;18;6;16;9;10;5;6;9;13;5;6;11;9;5;9;7;10;11;5;8
"Svend";4;.;5;.;.;.;.;.;.;.;.;.;.;.;.;.;.;.;.;.;.;.
"Svenn";6;.;.;.;.;.;.;.;.;.;.;.;.;.;.;.;.;.;.;.;.;.
"Sverre";56;38;52;46;59;54;61;42;89;103;114;132;120;124;128;138;129;139;157;150;155;144
"Syed";7;8;.;7;7;9;9;7;6;.;..;10;9;6;4;12;10;8;14;7;6;8
"Sylwester";.;.;.;.;.;.;.;.;.;.;.;.;.;.;.;.;.;.;.;.;.;.
"Syver";14;9;14;21;20;25;23;29;35;11;27;28;27;32;29;32;36;35;27;33;37;32
"S�lve";8;4;8;13;12;16;8;8;13;4;12;11;12;11;9;13;10;10;17;8;8;12
"Szymon";12;14;8;7;12;8;9;11;14;20;13;9;14;8;13;8;11;9;12;13;10;11
"S�ren";.;.;.;.;.;.;.;.;.;.;.;.;.;.;.;.;.;6;.;.;.;.
"Tadas";.;.;.;.;.;.;.;.;4;.;.;.;.;.;.;.;.;.;.;.;.;.
"Tadeusz";.;.;.;.;.;.;.;.;.;.;.;.;.;.;.;.;.;.;.;.;.;.
"Tage";17;16;14;15;17;24;20;19;23;22;15;19;18;11;20;14;18;15;11;12;15;14
"Tarald";11;4;13;6;4;6;7;11;6;6;8;5;.;4;5;7;5;5;.;.;4;.
"Tarjei";26;23;15;20;15;10;14;20;16;14;14;16;17;22;26;21;14;16;23;21;11;12
"Ted";.;.;.;.;.;.;.;5;.;.;.;.;.;.;.;6;.;.;.;.;6;.
"Tellef";4;.;4;.;.;4;.;.;4;.;7;.;9;6;5;5;6;.;10;5;4;7
"Teo";.;.;5;.;.;..;10;9;27;24;27;22;20;16;20;20;13;24;27;22;18;18
"Teodor";16;19;31;30;31;46;54;59;63;63;77;75;69;78;76;71;65;75;71;54;73;56
"Terje";16;15;11;16;7;11;6;6;13;10;5;9;5;5;10;6;4;.;8;7;4;4
"Thanh";.;.;.;5;.;.;.;.;.;.;.;.;.;.;.;.;.;.;.;.;.;.
"Theo";9;13;12;23;23;27;44;82;99;111;134;168;153;196;185;189;184;174;173;177;179;178
"Theodor";38;51;50;54;73;101;108;161;202;143;170;194;214;195;219;217;213;265;247;234;235;239
"Thomas";439;486;400;411;361;329;316;255;266;232;233;172;179;136;145;92;120;141;92;96;88;95
"Thor";24;29;26;26;26;25;26;21;29;30;30;27;25;30;38;46;58;40;43;52;45;36
"Thorbjorn";4;6;5;.;5;.;5;8;4;5;10;7;4;.;4;4;6;4;.;.;7;5
"Thore";.;.;.;.;.;.;.;.;4;.;.;.;.;.;.;.;.;.;.;.;.;.
"Thorleif";.;.;.;.;.;.;.;.;.;.;.;.;.;.;.;.;.;.;.;.;.;.
"Thorstein";5;4;.;7;.;.;4;.;.;6;.;.;.;.;.;4;.;.;.;.;.;.
"Thorvald";6;4;6;4;.;.;.;.;6;5;.;12;8;6;6;13;9;15;17;11;12;10
"Tim";27;29;27;35;35;36;27;23;34;22;36;35;35;27;28;36;20;24;24;12;24;12
"Timian";.;4;.;.;.;.;.;.;.;16;21;28;20;17;15;12;8;8;9;9;11;6
"Timothy";.;.;.;.;.;..;7;6;..;5;..;5;4;4;4;5;4;4;.;.;5;4
"Tobias";336;382;418;384;426;511;452;478;391;391;409;364;357;347;301;296;275;273;316;290;244;241
"Tom";71;48;43;52;37;41;31;28;27;26;30;19;22;10;17;18;18;18;11;10;17;7
"Tom-Erik";.;.;.;.;.;.;.;.;.;.;.;.;.;.;.;.;.;.;.;.;.;.
"Tomas";38;45;37;40;38;34;28;33;20;31;30;28;23;24;15;18;18;15;10;11;15;9
"Tomasz";.;5;8;.;4;6;.;4;4;4;8;.;8;.;5;.;.;5;.;4;6;.
"Tommy";74;68;55;46;42;32;31;42;26;18;16;16;19;19;11;13;8;7;5;10;7;5
"Toni";.;.;4;.;.;4;.;.;.;.;.;.;.;.;.;.;5;.;.;.;.;.
"Tonny";.;.;.;.;.;.;.;.;.;.;.;.;.;.;.;.;.;.;.;.;.;.
"Tony";24;20;23;22;22;18;11;13;20;17;11;14;12;12;4;9;8;4;.;.;6;.
"Tor";114;112;98;81;72;59;55;75;62;55;47;44;38;31;43;46;28;35;46;34;40;24
"Tor-Arne";.;.;.;.;.;.;.;.;.;.;.;.;.;.;.;.;.;.;.;.;.;.
"Tor-Erik";.;.;.;.;.;.;.;.;.;.;.;.;.;.;.;.;.;.;.;.;.;.
"Toralf";.;.;.;.;.;.;5;.;5;.;.;4;.;.;.;.;.;5;.;.;.;.
"Torben";.;8;5;8;7;10;6;8;15;8;13;8;4;5;10;7;7;11;9;9;8;6
"Torbjorn";50;49;41;36;37;27;30;30;30;19;26;19;30;23;19;25;23;24;24;20;19;25
"Tord";38;50;46;41;38;46;33;31;38;42;27;22;21;19;18;20;21;19;19;19;6;5
"Tore";38;37;29;35;15;19;10;18;10;11;15;9;9;13;6;6;15;6;7;.;4;6
"Torfinn";.;5;4;.;.;.;.;.;.;6;.;.;.;.;.;.;.;.;.;.;.;.
"Torgeir";16;15;12;12;16;13;7;7;8;7;9;.;.;11;5;4;.;5;6;.;5;.
"Torger";.;.;.;8;.;.;4;.;.;.;.;.;.;.;.;.;.;.;.;.;.;.
"Torgrim";8;8;8;7;7;8;5;5;7;5;5;6;4;8;4;5;4;.;.;4;5;4
"Torje";23;18;15;11;11;11;13;8;15;16;18;15;17;11;19;10;14;7;7;7;8;7
"Torjus";39;26;41;29;29;27;41;42;35;52;27;31;33;43;32;30;17;17;19;18;30;17
"Torkel";8;12;8;8;5;8;.;6;5;9;4;5;5;7;5;4;7;6;5;.;.;.
"Torkil";.;.;4;.;4;5;.;6;.;8;5;.;6;9;.;4;.;.;.;5;5;.
"Torkild";4;.;.;.;.;.;.;.;.;.;.;.;.;.;.;.;.;.;.;.;.;.
"Torleif";.;.;.;.;4;.;.;.;.;.;.;.;.;.;.;5;.;4;.;.;.;.
"Torleiv";.;4;.;.;.;.;.;.;.;.;.;.;.;.;.;.;.;.;.;.;.;.
"Tormod";23;16;16;15;18;12;15;20;11;11;20;11;8;12;14;9;10;4;12;9;8;13
"Torodd";.;.;.;.;.;.;.;.;.;.;.;.;.;.;.;.;.;.;.;.;.;.
"Torstein";39;49;46;37;41;32;26;26;25;25;25;16;13;19;21;20;20;11;15;10;8;5
"Torvald";5;.;.;7;4;.;4;.;.;.;7;5;4;7;6;6;.;6;11;10;6;6
"Tristan";5;7;7;9;8;18;19;24;27;31;24;36;29;20;20;29;18;15;8;10;12;7
"Tron";.;.;.;.;.;.;.;.;.;.;.;.;.;.;.;.;.;.;.;.;.;.
"Trond";27;33;20;20;18;14;20;16;6;10;12;17;8;4;8;5;8;8;9;.;.;4
"Troy";5;.;7;9;12;10;11;22;17;21;16;18;16;14;11;11;15;13;11;8;14;14
"Truls";50;59;66;78;60;56;41;45;36;33;38;26;24;16;15;12;8;13;16;5;8;9
"Trygve";42;49;56;45;35;37;40;41;33;49;33;34;46;52;40;36;43;41;49;44;54;47
"Trym";98;108;133;119;137;150;143;131;136;145;169;171;145;136;124;130;117;116;97;70;90;81
"Ulf";.;.;4;.;..;.;.;.;.;.;.;.;.;.;.;.;.;.;.;..;.;.
"Ulrik";58;54;67;65;69;62;74;79;71;90;85;89;117;131;131;131;144;142;174;176;191;190
"Usman";7;4;4;7;5;7;.;.;.;.;.;.;.;.;.;.;.;.;.;.;.;.
"Vaidas";.;.;.;.;.;.;.;.;.;.;.;.;.;.;.;.;.;.;.;.;.;.
"Valentin";5;4;10;.;5;.;4;5;.;6;.;.;6;4;.;6;..;5;..;.;5;.
"Van";.;.;.;.;.;.;.;.;.;4;.;.;.;.;.;.;.;.;.;.;.;.
"Varg";.;.;.;.;.;.;.;.;5;.;13;11;17;15;25;28;9;15;16;21;26;14
"Vebj�rn";57;52;58;61;49;61;55;38;51;27;50;34;39;22;41;40;31;28;35;38;30;30
"Vegar";27;22;30;29;16;18;12;15;16;12;12;17;8;4;6;9;5;4;4;.;.;7
"Vegard";255;245;209;185;169;174;154;87;134;91;93;88;73;79;66;53;50;48;60;29;29;36
"Vemund";36;34;31;30;27;37;34;28;23;40;28;35;24;24;33;24;33;27;34;26;33;31
"Vetle";128;143;143;132;139;180;141;139;135;127;131;133;131;112;110;120;134;99;106;113;128;122
"Victor";64;68;78;81;90;91;76;81;72;76;77;85;77;84;82;93;101;86;110;99;92;76
"Vidar";12;20;15;23;11;9;9;7;5;6;6;5;5;.;7;9;6;5;6;6;9;5
"Viggo";5;.;.;.;.;.;5;.;.;5;6;.;9;7;.;..;.;..;.;.;8;4
"Viktor";51;50;58;67;74;68;47;65;65;52;63;80;78;89;83;82;99;94;113;97;98;76
"Vilhelm";.;.;.;..;4;.;4;.;6;4;5;.;10;5;6;8;4;10;12;12;9;7
"Viljar";16;14;23;26;31;26;21;50;32;43;50;49;62;61;89;73;87;73;77;84;83;59
"Villy";.;.;.;.;.;.;.;.;.;.;.;.;.;.;.;.;.;.;.;.;.;.
"Vincent";9;8;13;11;9;17;14;12;18;17;23;17;22;30;21;32;36;40;38;22;23;28
"Vladimir";.;6;.;.;..;.;.;5;.;.;.;.;.;.;.;.;.;.;.;.;.;4
"Vytautas";.;.;.;.;.;.;.;.;.;.;.;.;.;.;.;.;.;.;.;.;.;.
"Waldemar";.;.;.;.;.;.;6;6;4;6;.;4;.;.;.;4;4;.;6;.;.;5
"Walid";5;.;11;6;7;7;5;.;.;5;4;9;5;.;.;5;.;.;5;..;.;.
"Walter";.;.;4;.;.;.;.;.;.;.;.;5;.;.;4;7;12;8;8;16;14;18
"Werner";.;5;.;.;.;.;.;.;.;.;.;.;.;.;.;.;.;.;.;.;.;.
"Widar";.;.;.;.;.;.;.;.;.;.;.;.;.;.;.;.;.;.;.;.;.;.
"Wieslaw";.;.;.;.;.;.;.;.;.;.;.;.;.;.;.;.;.;.;.;.;.;.
"Wiggo";.;.;.;.;.;.;.;.;.;.;.;.;.;.;.;.;.;.;.;.;.;.
"Wiktor";.;.;9;8;8;18;8;11;9;10;16;14;22;10;8;13;10;13;12;12;12;14
"Wilhelm";15;17;15;12;10;17;10;10;15;12;15;21;24;31;29;33;29;35;47;44;40;37
"William";142;159;176;175;205;211;266;264;270;289;407;435;459;393;413;433;444;484;522;371;292;333
"Willy";4;..;.;4;.;.;.;8;.;4;.;.;.;5;5;6;5;.;.;6;.;4
"Wilmer";.;.;.;.;.;.;.;.;.;.;4;12;9;10;10;16;11;21;23;19;33;21
"Wojciech";4;.;4;.;.;5;.;.;.;.;.;6;6;4;5;5;7;8;5;8;.;.
"Yahya";.;7;4;4;.;.;6;.;5;..;8;13;..;8;10;12;8;10;..;12;11;5
"Yasin";5;14;8;6;7;8;5;10;.;14;7;5;14;10;9;7;12;9;10;10;7;.
"Yngvar";.;.;.;.;.;.;.;.;.;.;.;.;.;.;.;.;.;.;.;.;.;.
"Yngve";5;7;11;7;5;6;5;10;6;.;.;.;.;4;.;7;.;.;.;.;.;.
"Yonas";11;9;5;.;4;.;4;4;.;4;.;6;4;5;5;4;5;.;6;8;.;.
"Yosef";.;.;.;4;.;5;7;5;.;7;8;6;6;11;11;7;14;4;12;9;7;7
"Yousef";6;7;6;4;8;8;8;10;8;14;16;15;19;13;19;15;20;23;23;21;22;18
"Youssef";7;.;12;8;5;.;5;4;4;.;6;9;9;12;11;10;12;6;10;15;4;5
"Yusuf";9;5;7;10;11;4;12;10;8;12;12;15;20;18;32;18;23;31;29;36;29;14
"Zakaria";5;8;8;7;8;11;13;15;.;7;13;17;11;8;17;5;14;14;17;11;9;14
"Zbigniew";.;.;.;.;.;.;.;.;.;.;.;.;.;.;.;.;.;.;.;.;.;.
"oistein";.;.;.;.;.;.;.;.;.;.;.;.;.;.;.;.;.;.;.;.;.;.
"oivind";11;11;7;.;8;.;6;.;4;.;.;.;.;.;.;.;.;5;.;4;.;.
"orjan";55;62;47;39;44;37;38;37;48;31;14;18;20;14;7;7;9;9;5;.;5;4
"ornulf";.;.;.;.;.;.;.;.;.;.;.;.;.;.;.;.;.;.;.;.;.;.
"oystein";67;64;52;48;25;27;23;28;19;18;18;9;15;11;17;9;8;12;10;11;10;10
"oyvind";87;75;58;61;45;44;40;33;29;45;26;25;22;15;15;18;18;8;17;8;12;7
"aadne";50;54;51;47;43;30;31;29;23;38;22;27;27;17;23;13;7;11;14;11;7;9
"aage";.;.;4;.;.;.;.;.;4;.;.;.;.;.;.;.;.;.;.;.;.;4
"aasmund";26;27;24;29;27;28;12;14;19;24;22;17;23;22;27;14;19;22;21;23;16;15